Date,User,Message
2023-03-22 08:09:23,"경여니남편","<2023년 3월 22일(수) 뉴스>
￼ 엔비디아가 연례 컨퍼런스인 ‘GTC 2023'에서 슈퍼컴퓨터를 월 구독할 수 있는 서비스를 발표했습니다. 또 초거대인공지능에 대한 기술력이 없더라도 개별 기업이 필요한 인공지능을 구축할 수 있도록 클라우드 컴퓨팅 서비스를 제공하겠다고 밝혔습니다. 

이와 함께 자율주행 전기차 회사를 위한 옴니버스 플랫폼을 확대한다고 발표했습니다. 

(발췌)
옴니버스 서비스는 디지털 트윈 서비스로, 개별 전기차 회사들은 옴니버스를 활용해 공장 자체를 디지털 트윈할 수 있는 것이 특징이다. 공장을 그대로 가상 공간에 옮길 수 있다. 이를 통해 차량 생산을 실시간 모니터링하고, 자율주행 테스트를 가상 공간에서 미리 해 볼 수 있다. 엔비디아는 도요타 BMW 루시드와 협업하고 있다고 강조했다. 황 CEO는 “오늘날 자동차 산업 근로자만 1400만명에 달한다”면서 “인공지능을 활용해 보다 속도감 있고 생산성 있는 시설을 구축할 수 있다”고 설명했다. 특히 BMW는 신규 공장을 건설하기 2년 전 이미 디지털 트윈 공장을 구축하고 문제점을 파악한 뒤 실물 공장을 지었다고 황 CEO는 설명했다.
https://blogs.nvidia.com/blog/2023/03/21/nvidia-ai-and-omniverse-transform-automakers-workflows/

￼ GTC 2023 Keynote 요약
https://youtu.be/tg332P3IfOU


🇨🇳 중국 바이두는 상하이에 새로운 자율주행 차량 시설 계획을 발표했다고 외신이 보도했습니다. 바이두는 이 시설을 통해 자율주행 소프트웨어 및 하드웨어 플랫폼인 'Apollo'를 개발하고 향상시킬 계획입니다.  이미 바이두는 BMW, 포드, 인텔 등과 협력 중이며 이번 계획으로 추가 파트너십 자원을 확보하게 되었다고 분석했습니다. 

한편, 바이두는 최근 쿤룬 AI 2세대 칩을 적용한 AI 제품 'ERNIE Bot'을 발표했으며, AI칩 개발 외에도 쿤룬칩을 자율주행에 접목하는 데 주력하고 있습니다. 


🇺🇲 GM 크루즈가 샌프란시스코에 이어 캘리포니아 주 전체 도로에 대한 자율주행차 운행허가를 신청했습니다. 당장은 캘리포니아주에서 더 이상 시험운행을 연장하려는 계획은 없지만, LA 등 타 도시에서도 운행 시험을 확대하기 위함이라 밝혔습니다. 


￼ 웨이모가 '2023 Waymo Open Dataset' 챌린지 과제와 일정을 공개했습니다. 2019년 처음 시작한 웨이모 오픈 데이터셋 챌린지는 올해로 4회째로 5월 23일까지 진행됩니다. 
https://waymo.com/open/


🚚 쿠팡은 1~2시간 충전해 하루 배송이 가능한 친환경 ‘전기 쿠팡카’를 전국적으로 확대합니다. 이는 제조사에서 쿠팡을 위해 특수 제작한 봉고 하이탑 모델입니다.

전기 쿠팡카는 배송 캠프에 설치된 천장형 충전기로 맞춤형으로 제작되었으며, 슬라이딩 도어도 뒷문과 양쪽 다 열리도록 제작했습니다.  또한 운전석에는 차량 곳곳에 설치된 조명과 센서를 조작하는 콘트롤 박스가 부착되어 있으며, 버튼 하나로 화물칸 조명을 밝힐 수 있습니다.


￼ 테슬라가 차세대 전기차 생산비를 절반으로 줄이겠다고 밝혀 경쟁사들도 비용 절감 압박을 받고 있다고 월스트리트저널이 보도했습니다. 

애널리스트들은 테슬라가 두 자릿수 이익률과 업계 선두 자리 수성이라는 두 마리 토끼를 모두 잡을 가능성이 있다고 전망했습니다. 설사 테슬라가 생산비 50% 감축 목표를 달성하지 못하더라도 이미 생산비에서 우위를 확보한 상태이기 때문에 추가 비용 절감을 이룰 수만 있어도 의미 있는 성과가 될 것이란 예상도 나옵니다. 


🇪🇺 EU 집행 위원회가 'e퓨얼'을 사용할 경우 2035년 이후에도 내연기관차 신차 판매를 허용하는 내용의 'EU 내연차 금지법' 초안을 마련했습니다. 
2035년부터 내연차 신차 판매를 전면 금지하겠다는 당초의 법안에서 한 걸음 물러선 일종의 타협안이 마련된 셈입니다.


🇮🇩 인도네시아 GoTo Group은 자국내 라이드 헤일링과 전자상거래 비용 절감으로 4분기 적자폭이 축소되었다고 밝혔습니다. 
승차권 제공업체인 Gojek과 전자상거래 회사인 Tokopedia의 합병으로 설립된 GoTo는 인력 감축과 마케팅 비용 삭감으로 자금 압박에서 벗어나고 있다고 언급했습니다. 
---
￼ 구글은 Chat GPT와 다른 대형 언어 모델들과 경쟁하기 위한 대화형 AI인 Bard를 공개했습니다. 
https://bard.google.com/

https://techcrunch.com/2023/03/21/googles-bard-lags-behind-gpt-4-and-claude-in-head-to-head-comparison/


📰 (댓글을 통해 증권사 애널리스트의 자동차 뉴스도 공유드립니다)"
2023-03-22 08:12:31,"경여니남편","[현대차증권 자동차]
HMC Auto News (23.03.22)

1. 국내뉴스
▶️현대차·기아 2월 유럽 판매 7만7375대… 전년 대비 1.4% 증가(조선비즈)
-현대차, 2.2% 증가한 3만7,951대, 기아 0.7% 증가한 3만9,424대를 각각 판매
-https://bit.ly/3TwJlEE

▶️전기차 주차만 하면 로봇이 충전한다···현대차그룹 충전 시연 영상 공개(경향신문)
-충전구 열고, 충전기 꽂고 닫는 과정을 모두 로봇과 연계해 이뤄져
-https://bit.ly/3Z9KkM1

▶️가격 착한데?…GM '트랙스 크로스오버' 정보유출에 '들썩'(한국경제)
-쉐보레 홈페이지에 '가격 2052만원' 정보 유출, 현재는 삭제된 상황…한국사업장 ""단순 실수"" 해명, 22일 가격 등 국내서 첫 공개
-https://bit.ly/40sAtSV

▶️포르쉐, 서울모빌리티쇼에서 ‘비전 357’ 공개(매일경제)
-첫 스포츠카 오마주한 콘셉트카, 아시아 최초로 한국에서 선보여
-https://bit.ly/3nbDkRy

▶️“가격 올랐는데 품질 역행”...신형 그랜저 초기 품질 ‘말썽’(이코노미스트)
-작년 11월 출시 후 최근까지 무상수리 9차례, 차량 가격 이전 세대 대비 300만원 이상 인상
-https://bit.ly/40iOe6g

▶️하이브리드 풀린 코나, 대기기간 2개월... 내수 목표 '산넘어 산'(데일리안)
-아반떼·그랜저 하이브리드 등 비교해 짧은 대기 기간, 신형 코나, 출시 후 두달 간 사실상 신차효과 제로, 그랜저·싼타페에 기대야… 내수 판매 목표 달성 가능할까
-https://bit.ly/42EPOBI

▶️OTT 보여주고 선물 주고… 車업계 “대기고객 취소 줄여라”(조선비즈)
-기아, 6개월 이상 대기 고객에게 OTT 무료로 제공. 현대차, 장기 대기 고객에 블루 멤버스 포인트 추가로 적립해주는 마일리지 케어 서비스 제공, 포르셰는 앱을 통해 공장 생산라인에서 본인 차량 사진 확인
-https://bit.ly/3yUcPTn

2.해외뉴스
▶️""3년 동안 부채 13조 상환""… 무디스, 테슬라 신용등급 상향(머니S)
-무디스, 테슬라의 등급 전망을 '안정적', 장기 투자 등급은 기존 'Ba1'에서 'Baa3'로 올려
-https://bit.ly/3JTdIC4

▶️아우디 Q6 e-트론 생산 임박… PPE 플랫폼 첫 적용(조선비즈)
-유럽에서 막바지 시제품 테스트 진행
-https://bit.ly/402oED6

▶️GM 브라이드롭, 캐나다 우정국 자회사 퓨로레이터 고객사로 확보(더구루)
-전기 밴 제보 600 15대 공급, 미니 밴 제보 400도 제공키로
-https://bit.ly/3Tz2OET

▶️美 23개주 ""현대차·기아, 차량 도난방지책 세워라""(한국경제)
-SW 업그레이드 등 촉구
-https://bit.ly/3TtsKSh


▶️Stellantis, 알제리에 2억유로 투자 계획(KAMA)
▶️Mazda, 신임 사장 취임 예정(KAMA)
▶️VinFast, 3명의 판매 임원 퇴사(KAMA)"
2023-03-22 08:12:35,"경여니남편","이모티콘"
2023-03-22 08:17:11,"동현이마누라","?"
2023-03-22 08:18:49,"동현이마누라","냉동 먹을거 못 챙겻어"
2023-03-22 08:18:53,"동현이마누라","이모티콘"
2023-03-22 08:18:59,"경여니남편","응애?"
2023-03-22 08:19:19,"동현이마누라","다시 냉동실에 넣어줘"
2023-03-22 08:20:02,"경여니남편","이모티콘"
2023-03-22 08:33:22,"동현이마누라","지각"
2023-03-22 08:33:25,"동현이마누라","이모티콘"
2023-03-22 08:33:41,"경여니남편","이모티콘"
2023-03-22 08:58:54,"동현이마누라","https://m.mt.co.kr/renew/view_amp.html?no=2023032018465884712"
2023-03-22 08:59:19,"경여니남편","어머"
2023-03-22 08:59:23,"경여니남편","이모티콘"
2023-03-22 08:59:35,"동현이마누라","사진"
2023-03-22 08:59:42,"동현이마누라","이모티콘"
2023-03-22 09:08:27,"경여니남편","?"
2023-03-22 09:08:37,"경여니남편","뭐 자기들이 충분하다고 했으니"
2023-03-22 09:08:39,"경여니남편","문제없을듯"
2023-03-22 09:24:43,"동현이마누라","사진"
2023-03-22 09:24:48,"동현이마누라","이거 "
2023-03-22 09:24:51,"동현이마누라","왜이러는 거져 "
2023-03-22 09:25:40,"경여니남편","몰루"
2023-03-22 09:25:46,"경여니남편","윈도우 파이썬이라그런가"
2023-03-22 09:26:28,"동현이마누라","def crawldaangn(request):"
2023-03-22 09:26:31,"동현이마누라","이거 리퀘스트"
2023-03-22 09:26:38,"동현이마누라"," 안써졌다고 뭐 "
2023-03-22 09:26:39,"동현이마누라","뜨던데"
2023-03-22 09:26:55,"경여니남편","저건"
2023-03-22 09:27:00,"경여니남편","Django특성상"
2023-03-22 09:27:08,"경여니남편","Url호출로 들어가는 함수라"
2023-03-22 09:27:17,"경여니남편","안에서 안쓰일뿐 받긴해야될텐데"
2023-03-22 09:28:41,"동현이마누라","사진"
2023-03-22 09:28:53,"동현이마누라","이걸 안 설정해서? 초기에?"
2023-03-22 09:29:07,"경여니남편","뭐지 저건"
2023-03-22 09:29:11,"동현이마누라","장고 서버"
2023-03-22 09:29:24,"경여니남편","긍가"
2023-03-22 09:29:28,"경여니남편","브라우저실행"
2023-03-22 09:29:31,"경여니남편","체크하면되나"
2023-03-22 09:38:15,"동현이마누라","Fatal Python error: init_stdio_encoding: failed to get the Python codec name of the stdio encoding
Python runtime state: core initialized
LookupError: unknown encoding: x-windows-949

Current thread 0x000031cc (most recent call first):
<no Python frame>"
2023-03-22 09:40:06,"동현이마누라","인코딩 문제"
2023-03-22 09:40:08,"동현이마누라","는 아닌데"
2023-03-22 09:44:41,"동현이마누라","사진"
2023-03-22 09:44:43,"동현이마누라","이거 "
2023-03-22 09:44:46,"동현이마누라"," 실행이 "
2023-03-22 09:44:47,"경여니남편","?"
2023-03-22 09:44:52,"경여니남편","저게머야"
2023-03-22 09:44:55,"동현이마누라","manage.py라는"
2023-03-22 09:45:01,"동현이마누라"," 파일이 이거저거 만지다보니 생김"
2023-03-22 09:45:02,"경여니남편","그거 장고 기본파일이라"
2023-03-22 09:45:09,"동현이마누라","근데 "
2023-03-22 09:45:10,"경여니남편","안건드려야되는간데"
2023-03-22 09:45:32,"동현이마누라","사진"
2023-03-22 09:45:36,"동현이마누라","만지다보니 오류가 이렇게 바뀜"
2023-03-22 09:46:46,"경여니남편","이상한데"
2023-03-22 09:46:52,"경여니남편","뭔가 장고실행 자체를"
2023-03-22 09:46:57,"경여니남편","걔가 못하는 느낌"
2023-03-22 09:47:09,"경여니남편","그냥 그 프로젝트에서 그 함수만"
2023-03-22 09:47:17,"경여니남편","니 원래 동작하는 함수로"
2023-03-22 09:47:21,"경여니남편","프로젝트로"
2023-03-22 09:47:24,"경여니남편","옮겨서"
2023-03-22 09:47:29,"경여니남편","테스트해봐야될듯"
2023-03-22 09:53:42,"동현이마누라","https://bk-worm.tistory.com/4"
2023-03-22 09:54:02,"경여니남편","슬슥"
2023-03-22 09:54:06,"경여니남편","나가봐야될듯"
2023-03-22 09:54:11,"경여니남편","만약 잘 안되면"
2023-03-22 09:54:13,"경여니남편","제 노트북"
2023-03-22 09:54:16,"경여니남편","가져갈테니"
2023-03-22 09:54:27,"경여니남편","제노트북으로 해보시다 오시죠"
2023-03-22 09:55:52,"동현이마누라","ㅇㅇ 알겠어여 "
2023-03-22 10:36:22,"동현이마누라","결혼준비 셀렉션H 드레스"
2023-03-22 10:43:13,"경여니남편","지도: 셀렉션H"
2023-03-22 10:43:22,"경여니남편","여기 지금 가는거 맞죠?"
2023-03-22 10:43:35,"경여니남편","저 지금 압구정로데오역"
2023-03-22 10:44:05,"동현이마누라","네"
2023-03-22 10:44:13,"동현이마누라","지도: 서울 강남구 논현동 279-207"
2023-03-22 10:44:33,"동현이마누라","나 물 사저"
2023-03-22 10:44:34,"동현이마누라","조"
2023-03-22 10:44:43,"경여니남편","역에서 사서 갈게요"
2023-03-22 10:44:55,"경여니남편","근데 거기"
2023-03-22 10:44:59,"경여니남편","물 있지않을까"
2023-03-22 10:45:00,"경여니남편","허허"
2023-03-22 10:45:25,"동현이마누라","정수기"
2023-03-22 10:45:27,"동현이마누라"," 였눈대"
2023-03-22 10:47:07,"동현이마누라","편의점 있다"
2023-03-22 10:47:12,"동현이마누라","제가 사갈게요"
2023-03-22 10:47:20,"경여니남편","넹"
2023-03-22 10:53:36,"동현이마누라","도착"
2023-03-22 11:06:03,"동현이마누라","사진 20장"
2023-03-22 11:11:39,"경여니남편","사진"
2023-03-22 11:11:39,"경여니남편","엌ㅋㅋ"
2023-03-22 11:34:56,"동현이마누라","ㅡㅡ"
2023-03-22 11:39:21,"경여니남편","사진"
2023-03-22 11:39:27,"경여니남편","이모티콘"
2023-03-22 11:40:32,"동현이마누라","ㅡㅡ"
2023-03-22 13:12:34,"경여니남편","[당일발송] 웨딩슈즈 5cm 단화 파티구두 글리터 힐 프로포즈 셀프 웨딩 구두 출처 : 스마트스토어 > 르몽쉐 | 네이버 스마트스토어"
2023-03-22 13:14:14,"경여니남편","네이버소호&스트릿 출처 : 네이버 쇼핑 [대여] 웨딩슈즈 9cm 250size 화이트 새틴 파티 결혼 구두대여 HSCBSS"
2023-03-22 13:22:32,"경여니남편","https://m.land.naver.com/article/info/2311191112"
2023-03-22 13:22:51,"경여니남편","https://m.land.naver.com/article/info/2311340472"
2023-03-22 13:24:55,"경여니남편","Python manage.py makemigrations
Python manage.py migrate"
2023-03-22 13:26:26,"동현이마누라","Db setup "
2023-03-22 13:28:02,"경여니남편","사진"
2023-03-22 13:29:02,"동현이마누라","가봉때 폰만보고 ㅡㅡ"
2023-03-22 13:29:23,"경여니남편","폰으로 사진본겁니다 허허"
2023-03-22 13:29:40,"경여니남편","사진"
2023-03-22 13:29:41,"경여니남편","사진"
2023-03-22 13:29:42,"경여니남편","사진"
2023-03-22 13:29:43,"경여니남편","사진"
2023-03-22 13:29:44,"경여니남편","사진"
2023-03-22 13:29:45,"경여니남편","사진"
2023-03-22 13:29:46,"경여니남편","사진"
2023-03-22 13:29:47,"경여니남편","사진"
2023-03-22 13:29:48,"경여니남편","사진"
2023-03-22 13:29:49,"경여니남편","사진"
2023-03-22 13:29:50,"경여니남편","사진"
2023-03-22 13:29:51,"경여니남편","사진"
2023-03-22 13:29:52,"경여니남편","사진"
2023-03-22 13:29:53,"경여니남편","사진"
2023-03-22 13:29:54,"경여니남편","사진"
2023-03-22 13:29:55,"경여니남편","사진"
2023-03-22 13:29:57,"경여니남편","사진"
2023-03-22 13:30:21,"동현이마누라","흥"
2023-03-22 13:30:27,"경여니남편","이뿌니"
2023-03-22 13:30:30,"경여니남편","히히"
2023-03-22 13:30:32,"동현이마누라"," 그 사람들은 리액션 안해주니까 모르잖아"
2023-03-22 13:30:39,"경여니남편","이모티콘"
2023-03-22 13:30:53,"경여니남편","제가 피파선수에나 리액션 나오지"
2023-03-22 13:30:58,"경여니남편","그런거 잘 안나와요 허허"
2023-03-22 13:31:01,"동현이마누라","ㅡㅡ"
2023-03-22 13:31:04,"동현이마누라","담배 필래"
2023-03-22 13:31:10,"경여니남편","응애?"
2023-03-22 13:31:14,"경여니남편","이모티콘"
2023-03-22 13:41:12,"동현이마누라","쪽팔려..."
2023-03-22 13:41:25,"경여니남편","뭐가요"
2023-03-22 13:41:37,"동현이마누라","흥"
2023-03-22 13:41:44,"동현이마누라","동현이가 폰만봐서"
2023-03-22 13:41:46,"경여니남편","우린 비싼돈 내고 이용하는"
2023-03-22 13:41:48,"경여니남편","고객인데"
2023-03-22 13:41:49,"동현이마누라"," 쪽팔리다고 "
2023-03-22 13:41:52,"경여니남편","그분들 눈치볼게있나요"
2023-03-22 13:42:19,"경여니남편","글구 그때 딴짓안했음 진짜루"
2023-03-22 13:42:32,"경여니남편","사진찍고 보내고 보고 그랬는데"
2023-03-22 14:10:49,"경여니남편","집도착 "
2023-03-22 14:10:52,"경여니남편","바로 세탁 돌리는중"
2023-03-22 15:31:10,"동현이마누라","감정 다이어리 웹 개발 프로젝트에서, elastic search를 활용할 방안을 알려줘.
감정 다이어리 웹 개발 프로젝트에서 Elasticsearch를 활용할 수 있는 몇 가지 방안을 제시합니다:

감정 검색: 사용자가 특정 감정(예: 슬픔, 기쁨, 분노 등)을 기반으로 다이어리 항목을 검색하도록 Elasticsearch를 구성할 수 있습니다. 이렇게 하면 사용자는 특정 감정에 관련된 기록을 쉽게 찾을 수 있습니다.

키워드 검색: 사용자가 다이어리 내용 중 특정 키워드나 구문을 검색할 수 있게 하여, 관련된 모든 다이어리 항목을 찾을 수 있습니다.

자동 완성 및 추천: Elasticsearch를 사용하여 사용자의 검색어를 기반으로 관련된 다이어리 항목을 실시간으로 추천하거나 검색어 자동 완성 기능을 제공할 수 있습니다.

감정 트렌드 분석: Elasticsearch의 집계(Aggregations) 기능을 활용하여 사용자의 감정 트렌드를 분석할 수 있습니다. 예를 들어, 일정 기간 동안 사용자의 기쁨, 슬픔, 분노와 같은 감정이 얼마나 자주 나타났는지 확인할 수 있습니다.

날짜별 및 위치별 검색: 사용자가 특정 날짜 또는 기간, 위치에 따른 다이어리 항목을 검색할 수 있도록 Elasticsearch를 구성할 수 있습니다.

Elasticsearch를 활용하기 위해 다음과 같은 절차를 따르면 좋습니다:

Elasticsearch 서버 설치 및 구성: 우선, Elasticsearch 서버를 설치하고 적절한 설정을 적용해야 합니다.

데이터 모델링 및 인덱싱: 감정 다이어리 데이터를 어떻게 저장할지 결정한 후, 해당 데이터를 Elasticsearch 인덱스에 저장하도록 데이터 모델을 생성합니다.

검색 및 집계 쿼리 개발: Elasticsearch에서 사용할 검색 쿼리와 집계 쿼리를 개발하고 테스트합니다.

웹 어플리케이션 통합: Elasticsearch와의 통신을 처리하는 백엔드 로직을 개발하고, 프론트엔드에서 검색 결과를 표시하고 사용자 인터랙션을 처리하는 코드를 작성합니다."
2023-03-22 15:34:42,"동현이마누라","우울"
2023-03-22 15:34:50,"경여니남편","뭔가"
2023-03-22 15:34:52,"경여니남편","감정일기랑"
2023-03-22 15:34:58,"경여니남편","같이할수있는 걸 원할거같은데"
2023-03-22 15:35:11,"경여니남편","차라리 블로그 크롤링으로 일기 크롤링을 좀 할순 없나"
2023-03-22 15:36:49,"동현이마누라","블로그 크롤링?"
2023-03-22 15:36:55,"경여니남편","ㅇㅇ"
2023-03-22 15:37:46,"경여니남편","아니면 좀더 아이디어를 넣어서"
2023-03-22 15:37:49,"경여니남편","뉴스 크롤링 한다음에"
2023-03-22 15:37:55,"경여니남편","그 일지에 맞는 뉴스를 보여준다던가"
2023-03-22 15:37:58,"경여니남편","넌 뉴스검색을 제공하고"
2023-03-22 15:38:04,"경여니남편","그날 있는 일 같이 보여준다던가"
2023-03-22 15:38:10,"경여니남편","그렇게 아이디어를 짜도 좋을거같은데"
2023-03-22 15:38:30,"경여니남편","아니면 티켓링크나 인터파크티켓 크롤링해서 그날에 있었던 뮤지컬이나"
2023-03-22 15:38:32,"경여니남편","공연 정보"
2023-03-22 15:38:34,"경여니남편","보여주는것도"
2023-03-22 15:38:36,"경여니남편","그럴듯할거고"
2023-03-22 15:38:51,"경여니남편","또 아니면 음악정보같은걸 쭉 크롤링해서 그 감정에 어울리는"
2023-03-22 15:38:55,"경여니남편","음악의 추천을 해주는 것도"
2023-03-22 15:38:57,"경여니남편","나쁘지않을듯"
2023-03-22 15:39:10,"경여니남편","이런식으로 (데이터묶음)+(검색) 을 제시하는 거 괜찮을거같음"
2023-03-22 15:42:05,"동현이마누라","그 일지에 맞는 뉴스를 보여준다던가 뉴스검색을 제공하고 그날 있는 일 같이 보여준다던가
아니면 티켓링크나 인터파크티켓 크롤링해서 그날에 있었던 뮤지컬이나 공연 정보
또 아니면 음악정보같은걸 쭉 크롤링해서 그 감정에 어울리는음악의 추천을 해주는 것"
2023-03-22 15:42:18,"경여니남편","허허"
2023-03-22 15:42:21,"동현이마누라","이모티콘"
2023-03-22 15:42:24,"경여니남편","chatgpt보다"
2023-03-22 15:42:26,"경여니남편","남편이 낫지요?"
2023-03-22 15:42:28,"경여니남편","허허허"
2023-03-22 15:42:31,"동현이마누라","흥"
2023-03-22 15:42:36,"경여니남편","응애?"
2023-03-22 15:42:44,"동현이마누라","리액션도 안해주고.."
2023-03-22 15:42:50,"경여니남편","진심의 리액션은"
2023-03-22 15:42:53,"경여니남편","셀렉션h에서"
2023-03-22 15:42:59,"경여니남편","처음 웨딩드레스 처음꺼 봤을때"
2023-03-22 15:43:03,"경여니남편","그땐 진짜 마음에서 우러나는"
2023-03-22 15:43:05,"경여니남편","리액션나옴"
2023-03-22 15:43:08,"경여니남편","나머진 다 가짜입니다"
2023-03-22 15:44:14,"동현이마누라","흥"
2023-03-22 15:44:25,"경여니남편","이모티콘"
2023-03-22 15:44:29,"동현이마누라"," 바보야"
2023-03-22 15:44:52,"동현이마누라"," 특별할것도 없었는데 장식도 단순하고"
2023-03-22 15:45:01,"경여니남편","그게 젤 이뻤는디"
2023-03-22 16:17:56,"동현이마누라"," 오빠가 알려준데서 "
2023-03-22 16:17:59,"동현이마누라","웨딩 슈즈 삼"
2023-03-22 16:19:02,"경여니남편","이모티콘"
2023-03-22 16:19:08,"경여니남편","중요한건"
2023-03-22 16:19:10,"경여니남편","언제오냐겠네요"
2023-03-22 16:19:11,"경여니남편","슈즈"
2023-03-22 16:19:16,"동현이마누라","금방 온다네요 "
2023-03-22 16:19:20,"동현이마누라","당일 발송이라했으니"
2023-03-22 16:19:51,"동현이마누라","사진"
2023-03-22 16:19:52,"동현이마누라"," 그리고 촬영용 신발도 "
2023-03-22 16:19:53,"동현이마누라","삼"
2023-03-22 16:20:01,"경여니남편","https://shopping.naver.com/window-products/style/7938055186?NaPm=ct%3Dlfj66a08%7Cci%3D41e2dcefb57c604e7319d8c7c627808aeff11fad%7Ctr%3Dsls%7Csn%3D198186%7Chk%3Dc1bf5ae2b5ad3c8c29b4b36b391cab96108b4a03"
2023-03-22 16:20:03,"경여니남편","여기맞나요"
2023-03-22 16:20:25,"동현이마누라","사진"
2023-03-22 16:20:28,"동현이마누라","이거ㅔ"
2023-03-22 16:22:26,"경여니남편","글쿤요"
2023-03-22 16:22:30,"경여니남편","배송만 잘됬으면"
2023-03-22 16:32:31,"경여니남편","근데 꽃 5개가"
2023-03-22 16:32:34,"경여니남편","다 필요하다는거죠?"
2023-03-22 16:32:35,"경여니남편","물어보니까"
2023-03-22 16:47:41,"동현이마누라","네"
2023-03-22 16:49:57,"동현이마누라","PS C:\workspace\Project\yeoncrawl-master\yeoncrawl-master> pip
pip : 'pip' 용어가 cmdlet, 함수, 스크립트 파일 또는 실행할 수 있는 프로그램 이름으로 인식되지 않습니
다. 이름이 정확한지 확인하고 경로가 포함된 경우 경로가 올바른지 검증한 다음 다시 시도하십시오.       
위치 줄:1 문자:1
+ pip
+ ~~~
    + CategoryInfo          : ObjectNotFound: (pip:String) [], CommandNotFoundException
    + FullyQualifiedErrorId : CommandNotFoundException

PS C:\workspace\Project\yeoncrawl-master\yeoncrawl-master> "
2023-03-22 16:50:00,"동현이마누라","이러면"
2023-03-22 16:50:06,"동현이마누라","파이선 경로가 이상하다는 건가요"
2023-03-22 16:51:20,"동현이마누라","pip : 'pip' 용어가 cmdlet, 함수, 스크립트 파일 또는 실행할 수 있는 프로그램 이름으로 인식되지 않습니
다. 이름이 정확한지 확인하고 경로가 포함된 경우 경로가 올바른지 검증한 다음 다시 시도하십시오.       
위치 줄:1 문자:1
+ pip
+ ~~~
    + CategoryInfo          : ObjectNotFound: (pip:String) [], CommandNotFoundException
    + FullyQualifiedErrorId : CommandNotFoundException"
2023-03-22 16:51:26,"동현이마누라","https://commontoday.tistory.com/207"
2023-03-22 16:55:06,"동현이마누라","사진"
2023-03-22 16:56:36,"경여니남편","저기서부터"
2023-03-22 16:56:38,"경여니남편","막히긴했네요"
2023-03-22 16:56:45,"동현이마누라","네..."
2023-03-22 16:56:48,"경여니남편","윈도우 터미널에서 PYTHON이 안먹히네요"
2023-03-22 16:56:49,"동현이마누라","파이선 뭐 어쩌란거지"
2023-03-22 16:57:39,"동현이마누라"," 파이샴"
2023-03-22 16:57:42,"경여니남편","https://greencare.tistory.com/134"
2023-03-22 16:57:44,"동현이마누라","재설치 해야하나"
2023-03-22 16:57:48,"경여니남편","저"
2023-03-22 16:57:54,"경여니남편","virtualenv가 되야됨"
2023-03-22 16:58:00,"경여니남편","그래서 프로젝트마다 가상환경 구성이되야됨"
2023-03-22 17:30:19,"동현이마누라","사진"
2023-03-22 17:30:21,"동현이마누라","이거 "
2023-03-22 17:30:25,"동현이마누라","는 띄웠어여"
2023-03-22 17:30:30,"경여니남편","?"
2023-03-22 17:30:34,"경여니남편","그게 가상환경?\"
2023-03-22 17:30:53,"동현이마누라","넵"
2023-03-22 17:31:03,"동현이마누라","(python_3_10_10_win11) D:\>"
2023-03-22 17:31:12,"경여니남편","그럼 거기서"
2023-03-22 17:31:20,"경여니남편","pip install selenium"
2023-03-22 17:31:22,"경여니남편","이런거되나요"
2023-03-22 17:31:47,"동현이마누라","사진"
2023-03-22 17:31:48,"동현이마누라","넵"
2023-03-22 17:31:49,"동현이마누라"," 되연"
2023-03-22 17:31:58,"경여니남편","pip install django"
2023-03-22 17:32:00,"경여니남편","pip install bs4"
2023-03-22 17:32:10,"경여니남편","이렇게 하고 그 가상환경 위에서 실행해보면될듯"
2023-03-22 17:32:19,"경여니남편","python manage.py makemigrations"
2023-03-22 17:32:26,"경여니남편","python manage.py migrate"
2023-03-22 17:32:31,"경여니남편","python manage.py runserver"
2023-03-22 17:33:22,"동현이마누라","(python_3_10_10_win11) D:\>python manage.py makemigrations
C:\Users\user\AppData\Local\Programs\Python\Python310\python.exe: can't open file 'D:\\manage.py': [Errno 2] No such file or directory"
2023-03-22 17:33:35,"경여니남편","ㅇㅇ 저 명령어는"
2023-03-22 17:33:38,"경여니남편","우리가 만든"
2023-03-22 17:33:39,"경여니남편","프로젝트"
2023-03-22 17:33:41,"경여니남편","장고"
2023-03-22 17:33:43,"경여니남편","에서만 실행됨"
2023-03-22 17:33:45,"동현이마누라","아하 "
2023-03-22 17:34:13,"동현이마누라","그럼 가상 드라이브에"
2023-03-22 17:34:14,"동현이마누라","장고를 "
2023-03-22 17:34:17,"동현이마누라","복붙?"
2023-03-22 17:34:26,"경여니남편","git clone이 안되면"
2023-03-22 17:34:27,"경여니남편","글케해야"
2023-03-22 17:34:33,"동현이마누라","어제한대로?"
2023-03-22 17:35:02,"동현이마누라","사진"
2023-03-22 17:35:03,"동현이마누라"," 이"
2023-03-22 17:35:06,"동현이마누라"," d:/"
2023-03-22 17:35:09,"동현이마누라","에 설치? "
2023-03-22 17:35:15,"경여니남편","어제 우리가 만든 프로젝트를"
2023-03-22 17:35:21,"경여니남편","저기 다운받은 다음"
2023-03-22 17:35:23,"동현이마누라"," 네"
2023-03-22 17:35:24,"경여니남편","그 폴더 안에 들어가서"
2023-03-22 17:35:29,"경여니남편","python manage.py makemigrations"
2023-03-22 17:35:30,"동현이마누라"," d:/에요?"
2023-03-22 17:35:31,"경여니남편","이런거 해야"
2023-03-22 17:35:44,"경여니남편","뭐 저기다 안해도 가상환경이 떠있는 상황에서만"
2023-03-22 17:35:46,"경여니남편","터미널에서 하면"
2023-03-22 17:35:48,"경여니남편","되긴할거임"
2023-03-22 17:36:31,"동현이마누라","사진"
2023-03-22 17:36:32,"동현이마누라","이게 아니라"
2023-03-22 17:36:50,"동현이마누라","사진"
2023-03-22 17:36:51,"동현이마누라","이 경로인가요"
2023-03-22 17:37:04,"동현이마누라","사진"
2023-03-22 17:37:07,"동현이마누라","아니면 이 경로?"
2023-03-22 17:38:07,"경여니남편","manage.py 가 있는곳이"
2023-03-22 17:38:09,"경여니남편","주경로라고"
2023-03-22 17:38:10,"경여니남편","보시면됩니다"
2023-03-22 17:40:20,"동현이마누라","사진"
2023-03-22 17:40:22,"동현이마누라"," 데뎃?"
2023-03-22 17:40:34,"경여니남편","?"
2023-03-22 17:40:45,"경여니남편","TEST아래에"
2023-03-22 17:40:47,"경여니남편","무슨파일이 있는데"
2023-03-22 17:40:49,"경여니남편","저렇게 되나요"
2023-03-22 17:41:14,"동현이마누라","https://tibetsandfox.tistory.com/24"
2023-03-22 17:41:36,"동현이마누라","사진"
2023-03-22 17:41:38,"동현이마누라","이렇게여"
2023-03-22 17:41:50,"경여니남편","이모티콘"
2023-03-22 17:42:02,"경여니남편","엥 그럼"
2023-03-22 17:42:03,"경여니남편","뭔가"
2023-03-22 17:42:05,"경여니남편","실행이 되야되는데"
2023-03-22 17:42:07,"경여니남편","안되나"
2023-03-22 17:42:13,"경여니남편","manage.py 내용이 바뀌었나"
2023-03-22 17:44:19,"동현이마누라","#!/usr/bin/env python
""""""Django's command-line utility for administrative tasks.""""""
import os
import sys


def main():
    """"""Run administrative tasks.""""""
    os.environ.setdefault('DJANGO_SETTINGS_MODULE', 'yeoncrawl.settings')
    try:
        from django.core.management import execute_from_command_line
    except ImportError as exc:
        raise ImportError(
            ""Couldn't import Django. Are you sure it's installed and ""
            ""available on your PYTHONPATH environment variable? Did you ""
            ""forget to activate a virtual environment?""
        ) from exc
    execute_from_command_line(sys.argv)


if __name__ == '__name__':
    main()"
2023-03-22 17:44:34,"경여니남편","안바뀐거같은데"
2023-03-22 17:44:41,"경여니남편","왜 아무 실행이 안될까"
2023-03-22 17:45:01,"동현이마누라","응애!"
2023-03-22 17:45:04,"동현이마누라","파이샴에서"
2023-03-22 17:45:05,"동현이마누라","해볼까"
2023-03-22 17:45:09,"경여니남편","ㅇㅇ"
2023-03-22 17:48:46,"동현이마누라","사진"
2023-03-22 17:49:21,"경여니남편","왜그런지모르겠는데"
2023-03-22 17:49:25,"경여니남편","어제처럼 실행이 안되는거같긴 하네요"
2023-03-22 17:50:26,"동현이마누라"," 이거 터미널을"
2023-03-22 17:50:28,"동현이마누라"," 내가 한"
2023-03-22 17:50:32,"동현이마누라","가상 어쩌구에 띠워야 하나여"
2023-03-22 17:50:44,"경여니남편","그거 사실 니가 만든 가상환경 폴더 들어가서"
2023-03-22 17:50:57,"경여니남편","source ./env 뭐 그런거하면"
2023-03-22 17:51:03,"경여니남편","해당 가상환경이 활성화되긴 함"
2023-03-22 17:51:25,"경여니남편","https://hleecaster.com/python-venv/"
2023-03-22 17:51:43,"경여니남편","https://velog.io/@tls0506/Windows-Python-%ED%99%98%EA%B2%BD-%EC%84%A4%EC%A0%95-venv-%EA%B0%80%EC%83%81-%ED%99%98%EA%B2%BD-formattor-linter"
2023-03-22 17:57:21,"동현이마누라","사진"
2023-03-22 18:04:03,"경여니남편","> 가 아니라 슬래쉬여야되나"
2023-03-22 18:39:44,"동현이마누라","사진"
2023-03-22 18:39:46,"동현이마누라"," 와아앙"
2023-03-22 18:40:18,"경여니남편",";;"
2023-03-22 18:40:20,"경여니남편","그냥"
2023-03-22 18:40:22,"경여니남편","맥에서 해요"
2023-03-22 18:40:25,"경여니남편","너무 필요없는데"
2023-03-22 18:40:28,"경여니남편","시간 많이 쓰시는듯"
2023-03-22 18:40:30,"동현이마누라","힝"
2023-03-22 18:40:31,"동현이마누라"," 오빠가"
2023-03-22 18:40:34,"동현이마누라"," 맥 못 가져가게 "
2023-03-22 18:40:36,"동현이마누라","하잔아!"
2023-03-22 18:41:00,"경여니남편","죽전에 맥북하나 있을텐데"
2023-03-22 18:41:09,"경여니남편","맥미니인가"
2023-03-22 18:41:10,"경여니남편","하여간"
2023-03-22 18:41:14,"동현이마누라"," 응애 응애 ~"
2023-03-22 18:41:22,"경여니남편","필요없는데 너무 시간쓰시는듯"
2023-03-22 18:41:26,"동현이마누라"," 그럼 "
2023-03-22 18:41:26,"경여니남편","환경설정은 숙련된 개발자도"
2023-03-22 18:41:28,"경여니남편","고생 많이함"
2023-03-22 18:41:35,"경여니남편","윈도우에서 파이썬 깔아서 구동하는게 나도 쉽지가 않음"
2023-03-22 18:41:43,"동현이마누라","응에.."
2023-03-22 18:41:52,"동현이마누라","오빠 노트북"
2023-03-22 18:41:55,"동현이마누라","16인치인가요"
2023-03-22 18:41:58,"경여니남편","13"
2023-03-22 18:44:37,"동현이마누라"," 맥 가꾸 "
2023-03-22 18:44:39,"동현이마누라","다녀도 되나연"
2023-03-22 18:44:44,"동현이마누라","이모티콘"
2023-03-22 18:44:49,"동현이마누라","회사 꺼..? "
2023-03-22 18:44:51,"경여니남편","어머"
2023-03-22 18:45:06,"동현이마누라"," 응애."
2023-03-22 18:45:19,"경여니남편","죽전에 맥북 아마 안쓰는거 있을거같은데"
2023-03-22 18:45:26,"경여니남편","일단 회사꺼 내일은 들고 가요"
2023-03-22 18:45:39,"경여니남편","제가 목요일날은 회사가야되서"
2023-03-22 18:45:40,"경여니남편","회사갔다가"
2023-03-22 18:45:43,"경여니남편","죽전내려가서"
2023-03-22 18:45:45,"경여니남편","아이맥 찾아봄"
2023-03-22 18:45:48,"동현이마누라","응아."
2023-03-22 18:45:50,"동현이마누라"," 응아~"
2023-03-22 18:45:52,"경여니남편","아니 아이맥이 아니라"
2023-03-22 18:45:53,"경여니남편","맥북"
2023-03-22 18:45:56,"경여니남편","아이맥은 여기도 있고"
2023-03-22 18:45:57,"동현이마누라"," 하나 사는게 낫나"
2023-03-22 18:46:06,"동현이마누라"," 맥북 근데 안쓰나요 진짜"
2023-03-22 18:46:09,"경여니남편","근데 센터 이제 2개월남짓남았는데"
2023-03-22 18:46:13,"경여니남편","그거 위해서 맥북 또사는건 좀 그럼"
2023-03-22 18:46:17,"동현이마누라","하긴 ㅎㅎ근데"
2023-03-22 18:46:21,"동현이마누라"," 계속 쓸거잔아"
2023-03-22 18:46:23,"경여니남편","아이맥 멀쩡히 안쓰고 있는데"
2023-03-22 18:46:36,"경여니남편","센터 끝나고 개발은 저 아이맥 이용해서 해야.."
2023-03-22 18:46:41,"동현이마누라","네.."
2023-03-22 18:46:47,"경여니남편","나중에 아파트이사하면 저 아이맥도 셋업 다 해줄거임"
2023-03-22 18:46:53,"동현이마누라","이모티콘"
2023-03-22 18:47:01,"동현이마누라","동혀니 "
2023-03-22 18:59:17,"동현이마누라","https://www.aitimes.com/news/articleView.html?idxno=141511"
2023-03-22 18:59:34,"동현이마누라","https://koreascience.kr/article/CFKO201033254124211.pdf"
2023-03-22 18:59:52,"동현이마누라","https://www.youtube.com/watch?v=CUSO18dZJg8"
2023-03-22 19:00:05,"동현이마누라","뭔 학회 주제급으로 프로젝트가 뛰어버리는www"
2023-03-22 19:00:09,"경여니남편","저렇게"
2023-03-22 19:00:10,"경여니남편","하면"
2023-03-22 19:00:12,"경여니남편","넘 어려울듯"
2023-03-22 19:00:19,"경여니남편","노래가사를 다 자연어분석해서 클러스터링 한다는건데"
2023-03-22 19:00:27,"경여니남편","실제 음원사이트한테도 적용 안한거많을듯"
2023-03-22 19:00:29,"동현이마누라","끼야아아악"
2023-03-22 19:00:30,"경여니남편","멜론도 못했을듯 실제로"
2023-03-22 19:00:40,"경여니남편","현실적인걸 해야됨"
2023-03-22 19:01:02,"경여니남편","https://www.google.com/search?q=%EC%9A%B0%EC%9A%B8%ED%95%A0+%EB%95%8C+%EB%93%A3%EA%B8%B0+%EC%A2%8B%EC%9D%80+%EB%85%B8%EB%9E%98&oq=%EC%9A%B0%EC%9A%B8%ED%95%A0+%EB%95%8C+%EB%93%A3%EA%B8%B0+%EC%A2%8B%EC%9D%80+%EB%85%B8%EB%9E%98&aqs=chrome..69i57.3768j0j1&sourceid=chrome&ie=UTF-8"
2023-03-22 19:01:07,"경여니남편","이런 식으로"
2023-03-22 19:01:10,"경여니남편","구글 검색이나 검색결과로"
2023-03-22 19:01:16,"경여니남편","얻어지는 음악데이터를 긁는식으로"
2023-03-22 19:01:18,"경여니남편","접근해야됨"
2023-03-22 19:01:24,"동현이마누라","음"
2023-03-22 19:01:31,"경여니남편","https://music.bugs.co.kr/musicpd/albumview/28241"
2023-03-22 19:01:38,"경여니남편","벅스나 멜론의 플레이리스트에서"
2023-03-22 19:01:40,"경여니남편","이런식으로"
2023-03-22 19:01:44,"경여니남편","정리해놓은 사람들 있는데"
2023-03-22 19:01:48,"경여니남편","그런 정보를 긁는 형태로 접근해야.."
2023-03-22 19:04:34,"동현이마누라","https://manuscriptlink-society-file.s3-ap-northeast-1.amazonaws.com/kips/conference/2020fall/presentation/KIPS_C2020B0272.pdf"
2023-03-22 19:05:49,"동현이마누라","https://patents.google.com/patent/KR101527370B1/ko"
2023-03-22 19:06:02,"경여니남편","ㄷㄷ"
2023-03-22 19:06:07,"경여니남편","박사되겄어 우리 경연이"
2023-03-22 19:06:24,"동현이마누라","https://manuscriptlink-society-file.s3-ap-northeast-1.amazonaws.com/kips/conference/2020fall/presentation/KIPS_C2020B0272.pdf"
2023-03-22 19:08:39,"동현이마누라","https://tech.kakao.com/2020/04/29/kakaoarena-3rd-part1/"
2023-03-22 19:08:40,"동현이마누라","구와아악"
2023-03-22 19:08:53,"경여니남편","못한다니까 쟤들도"
2023-03-22 19:08:54,"경여니남편","제대로"
2023-03-22 19:09:41,"동현이마누라","허허 "
2023-03-22 19:09:43,"동현이마누라"," 허허.."
2023-03-22 19:09:44,"동현이마누라","글쵸"
2023-03-22 19:09:50,"동현이마누라"," 스포티파이도 못하고"
2023-03-22 19:09:55,"동현이마누라","유튜브도 제대로 못하는데 "
2023-03-22 19:09:56,"동현이마누라","ㅋㅋㅋㅋ "
2023-03-22 20:10:20,"동현이마누라","https://dm.pulmuone.com/"
2023-03-22 20:10:36,"경여니남편","응애?"
2023-03-22 20:10:38,"경여니남편","은제오노"
2023-03-22 20:10:41,"경여니남편","밥은"
2023-03-22 20:11:19,"동현이마누라","배구파요"
2023-03-22 20:11:23,"동현이마누라","꼬륵꼬륵"
2023-03-22 20:11:28,"경여니남편","응애?"
2023-03-22 20:11:31,"경여니남편","나도 안먹었는데"
2023-03-22 20:11:34,"경여니남편","늦게오시나"
2023-03-22 20:28:09,"동현이마누라","사진 4장"
2023-03-22 20:34:03,"동현이마누라","사진 3장"
2023-03-22 23:52:31,"동현이마누라","https://m.blog.naver.com/cary63/222865317302"
2023-03-23 09:48:38,"동현이마누라","웅애?"
2023-03-23 09:48:41,"동현이마누라","왓 슈드 아이 두"
2023-03-23 09:48:45,"동현이마누라"," 아이 해브 어 노 플랜"
2023-03-23 09:49:25,"경여니남편","쟤들이랑"
2023-03-23 09:49:28,"경여니남편","얘기는 함?"
2023-03-23 09:49:35,"경여니남편","무슨 데이터가 좋을지"
2023-03-23 09:49:52,"경여니남편","음악보다는 유튜브 추천이 나을지도"
2023-03-23 10:00:26,"동현이마누라","일기같은것도 "
2023-03-23 10:00:32,"동현이마누라","챗 지티피한테"
2023-03-23 10:00:34,"동현이마누라"," 써달라할까"
2023-03-23 10:01:06,"경여니남편","남의 일기를 무단으로 가져다쓸순 없으니"
2023-03-23 10:13:04,"동현이마누라","java이(가) 터미널에서 문서를 열도록 허용되지 않았기 때문에 ‘IntelliJ IDEA’을(를) 열 수 없습니다."
2023-03-23 10:13:22,"동현이마누라","이 오류는 IntelliJ IDEA를 열려고 할 때 발생할 수 있습니다. 이 오류는 보안 설정으로 인해 발생할 수 있는데, macOS에서 새로운 보안 기능이 도입되면서 기본적으로 터미널에서 실행 된 어플리케이션이 문서를 열 수 없도록 설정되어 있기 때문입니다.
이 오류를 해결하려면 다음 진행 방법 중 하나를 시도해 보십시오:


터미널에서 다음 명령어를 입력하여 IntelliJ IDEA를 열어보세요.
open -a ""IntelliJ IDEA""
This will open IntelliJ IDEA application.

macOS 보안 설정을 변경하여 해결할 수 있습니다. 시스템 환경설정 > 보안 및 개인 정보 보호 > 일반 을 엽니다. ""어플리케이션 다운로드""에서 ""어디에서든지 다운로드한 어플리케이션 허용""을 선택하세요.
여기서는 두 번째 방법을 시도해 보세요."
2023-03-23 10:15:41,"동현이마누라","사진"
2023-03-23 10:27:13,"경여니남편","뭐노 이건"
2023-03-23 10:49:23,"동현이마누라","사진"
2023-03-23 10:49:30,"동현이마누라","	흐흐흐"
2023-03-23 10:49:36,"경여니남편","응애?"
2023-03-23 10:49:43,"동현이마누라","기모찌이인다요"
2023-03-23 10:50:05,"경여니남편","Diary에 emotion합성했노"
2023-03-23 10:50:07,"경여니남편","에미어리"
2023-03-23 10:50:12,"경여니남편","애미 어딨노"
2023-03-23 10:50:18,"경여니남편","이모티콘"
2023-03-23 10:50:52,"동현이마누라","사진"
2023-03-23 10:50:55,"동현이마누라","rmfotj "
2023-03-23 10:51:12,"경여니남편","어머"
2023-03-23 10:51:22,"경여니남편","이모티콘"
2023-03-23 10:51:33,"동현이마누라","글치 이정도는 해놔야"
2023-03-23 10:51:34,"동현이마누라"," 먼가 "
2023-03-23 10:51:40,"동현이마누라"," 하고싶은 맛이 들지"
2023-03-23 10:51:55,"경여니남편","저분들이 저정도 했다는건가요"
2023-03-23 10:51:57,"경여니남편","이모티콘"
2023-03-23 10:52:17,"동현이마누라","앗 근데 도커가 안 깔려있어서"
2023-03-23 10:52:21,"동현이마누라","db저장이 안된다"
2023-03-23 10:53:29,"동현이마누라","사진"
2023-03-23 10:53:54,"경여니남편","이모티콘"
2023-03-23 10:54:21,"동현이마누라"," 이거 db를 외부에"
2023-03-23 10:54:24,"동현이마누라","넣을수도 있을거같은데"
2023-03-23 11:21:35,"동현이마누라","사진"
2023-03-23 11:26:39,"경여니남편","??;;"
2023-03-23 11:28:21,"동현이마누라","사진"
2023-03-23 11:28:48,"경여니남편",";;"
2023-03-23 11:28:49,"경여니남편","그래서"
2023-03-23 11:28:51,"동현이마누라","사진"
2023-03-23 11:28:51,"경여니남편","경여니가 할 개발은"
2023-03-23 11:28:53,"경여니남편","어떤건가요"
2023-03-23 11:30:35,"경여니남편","사진"
2023-03-23 11:30:47,"동현이마누라","오..."
2023-03-23 11:30:50,"동현이마누라","여행 어디로"
2023-03-23 11:31:04,"경여니남편","이분들은"
2023-03-23 11:31:04,"경여니남편","하와이"
2023-03-23 11:33:48,"동현이마누라","	부럽다"
2023-03-23 11:33:48,"동현이마누라","ㅜㅜ"
2023-03-23 11:33:55,"동현이마누라","에휴 ..."
2023-03-23 11:34:00,"경여니남편","응애?"
2023-03-23 11:34:02,"경여니남편","ㅇㅅㅇ;;"
2023-03-23 11:34:06,"동현이마누라","빼액!"
2023-03-23 11:34:14,"경여니남편","이모티콘"
2023-03-23 11:34:16,"동현이마누라"," 힝"
2023-03-23 11:34:19,"동현이마누라","쩔수없죠 "
2023-03-23 11:46:39,"경여니남편","https://naver.me/G7DY98Ih"
2023-03-23 11:46:50,"경여니남편","이런 사람도 미국입국이 안되네"
2023-03-23 11:46:52,"경여니남편","허허"
2023-03-23 11:51:20,"동현이마누라","허허 "
2023-03-23 11:51:22,"동현이마누라"," 동현이"
2023-03-23 11:51:26,"동현이마누라","그냥 서울에 살아욘"
2023-03-23 12:09:39,"동현이마누라","(문장에서 감정 분석) - (감정 데이터를 기반으로 음악 추천)"
2023-03-23 12:09:50,"동현이마누라","먼가 두 작업 다 AI 기술이 필요해"
2023-03-23 12:10:12,"경여니남편","바보노"
2023-03-23 12:10:15,"경여니남편","검색이 아니자너"
2023-03-23 12:10:23,"동현이마누라","문장에서 감정 분석은 아까 엑셀에서 분류한 감정 데이터로 빈도에 따라 감정 데이터화"
2023-03-23 12:10:25,"경여니남편","남의 api연결해주는 일 하노"
2023-03-23 12:10:28,"경여니남편","이모티콘"
2023-03-23 12:10:31,"경여니남편","전달"
2023-03-23 12:10:38,"동현이마누라"," 동현이 날 또"
2023-03-23 12:10:43,"동현이마누라","금치산자 취급한다 우아앙"
2023-03-23 12:10:49,"경여니남편","이모티콘"
2023-03-23 12:11:03,"경여니남편","너 한번 오늘 나랑 서점가서"
2023-03-23 12:11:05,"동현이마누라","음악 추천은 장르 기반으로 최근 가장 인기있는 곡 추천해주는 식으로 가면 간단하게 될거같다고 생각햇는대"
2023-03-23 12:11:09,"경여니남편","자연어분석 뭐뭐 공부해야될지"
2023-03-23 12:11:12,"경여니남편","각 보여줄까"
2023-03-23 12:11:13,"동현이마누라","이야이야"
2023-03-23 12:11:15,"동현이마누라","이야"
2023-03-23 12:11:23,"경여니남편","??;"
2023-03-23 12:11:29,"동현이마누라","이모티콘"
2023-03-23 12:11:31,"동현이마누라","이야나노"
2023-03-23 12:11:54,"경여니남편","이모티콘"
2023-03-23 12:12:09,"동현이마누라","https://leirbag.tistory.com/51"
2023-03-23 12:12:14,"동현이마누라"," 어케 해야 좀 쉬울까"
2023-03-23 12:12:20,"경여니남편","너"
2023-03-23 12:12:22,"경여니남편","내 맥북"
2023-03-23 12:12:24,"경여니남편","가져갔자너"
2023-03-23 12:12:27,"경여니남편","왜그러노 또"
2023-03-23 12:12:33,"동현이마누라","아니아니"
2023-03-23 12:12:38,"동현이마누라","감정"
2023-03-23 12:12:41,"동현이마누라","분석에대해서"
2023-03-23 12:12:51,"동현이마누라","이건 깃 클론땜에"
2023-03-23 12:12:58,"경여니남편","샵검색: #감정 분석 api"
2023-03-23 12:13:05,"경여니남편","샵검색: #감정 분석 api"
2023-03-23 12:13:14,"동현이마누라","잉 다 api네"
2023-03-23 12:13:48,"동현이마누라","음악 추천 너무 방대하다"
2023-03-23 12:13:54,"동현이마누라"," 그냥 필여한 물건"
2023-03-23 12:14:03,"동현이마누라"," 찾아주는걸로 해야겟다"
2023-03-23 12:23:52,"동현이마누라","사진"
2023-03-23 12:38:28,"동현이마누라"," https://heytech.tistory.com/325"
2023-03-23 12:41:08,"동현이마누라","https://ssongblog.tistory.com/125"
2023-03-23 12:42:10,"동현이마누라","https://kimcoder.tistory.com/170"
2023-03-23 12:45:28,"동현이마누라","https://www.youtube.com/watch?v=xP1QFpxhYi4"
2023-03-23 12:47:04,"동현이마누라","https://www.youtube.com/watch?v=TXvsMotkD1k"
2023-03-23 13:02:41,"경여니남편","방대한 정보에 헤메는 이경연"
2023-03-23 13:09:37,"동현이마누라","와아앙 ㅜㅜㅜ"
2023-03-23 13:10:02,"경여니남편","현실적으로"
2023-03-23 13:10:04,"경여니남편","접근한다면"
2023-03-23 13:10:44,"경여니남편","당근마켓 특정 주소의 데이터 크롤링 -> 여기서 특정 카테고리나 상품, 설명, 또는 수작업으로 해당 상품에 감정처리 분류 -> 감정일기에 감정 파라미터를 같이 받아 데이터 서빙"
2023-03-23 13:10:46,"경여니남편","이게 최선같은데"
2023-03-23 13:10:54,"경여니남편","음악추천? 말도안되고"
2023-03-23 13:11:12,"경여니남편","유튜브추천? 이거 관련된 감정 분류 리스트 만드는 것도 일인데 이건 코딩작업이 아니라 수작업일 가능성도 있고"
2023-03-23 13:11:18,"경여니남편","글치않노"
2023-03-23 13:19:01,"동현이마누라","그치만어젠 ...! "
2023-03-23 13:19:08,"동현이마누라","음악 츄천이 좋을거같다고...!!"
2023-03-23 13:19:11,"동현이마누라","이모티콘"
2023-03-23 13:19:35,"경여니남편","저요?"
2023-03-23 13:19:47,"동현이마누라","네"
2023-03-23 13:19:51,"동현이마누라","사진"
2023-03-23 13:19:54,"경여니남편","이 코멘트를 보고도"
2023-03-23 13:19:56,"동현이마누라","제가 다 기록하고잇음"
2023-03-23 13:19:59,"동현이마누라","이모티콘"
2023-03-23 13:20:02,"동현이마누라","응애?"
2023-03-23 13:20:07,"경여니남편","그렇게 느끼신거에요?"
2023-03-23 13:20:25,"동현이마누라","박신"
2023-03-23 13:20:27,"동현이마누라","적돌격"
2023-03-23 13:20:28,"경여니남편","음악정보는 어디서 긁어오시게요"
2023-03-23 13:20:44,"경여니남편","긁어올 곳도 없을텐데요"
2023-03-23 13:20:51,"경여니남편","샵검색: #유튜브 크롤링"
2023-03-23 13:20:55,"경여니남편","이게 최선일걸요"
2023-03-23 13:20:56,"동현이마누라","헤헤"
2023-03-23 13:20:57,"동현이마누라","네"
2023-03-23 13:21:05,"경여니남편","이거하실거면 뭐.."
2023-03-23 13:21:09,"동현이마누라","ㅜㅜ"
2023-03-23 13:21:11,"동현이마누라","안대안대"
2023-03-23 13:21:15,"경여니남편","추천 음악이라기보단 추천 유튜브랄까"
2023-03-23 13:21:56,"경여니남편","유튜브도 유튜브뮤직이 있으니"
2023-03-23 13:21:57,"동현이마누라","당근마켓 특정 주소의 데이터 크롤링 -> 여기서 특정 카테고리나 상품, 설명, 또는 수작업으로 해당 상품에 감정처리 분류 -> 감정일기에 감정 파라미터를 같이 받아 데이터 서빙"
2023-03-23 13:22:30,"동현이마누라","흠"
2023-03-23 13:22:36,"동현이마누라"," 일기를 입력 => "
2023-03-23 13:22:42,"동현이마누라"," 형태소 단위로 자르고"
2023-03-23 13:22:45,"동현이마누라"," 물건 추천?"
2023-03-23 13:23:20,"경여니남편","??"
2023-03-23 13:23:30,"경여니남편","일기입력하고 그걸 분석하는것도"
2023-03-23 13:23:31,"경여니남편","니 역할?"
2023-03-23 13:23:57,"동현이마누라"," 그걸 형태소로 잘라서"
2023-03-23 13:24:05,"동현이마누라","라이브러리에 넣게"
2023-03-23 13:24:14,"경여니남편","??"
2023-03-23 13:24:15,"동현이마누라"," 연동을 해야하는거아닌가오"
2023-03-23 13:24:25,"동현이마누라"," 형태소 단위로 잘라서 감정을 매기는"
2023-03-23 13:24:28,"경여니남편","뭔소리를 하는겨"
2023-03-23 13:24:31,"동현이마누라"," 로직은 구현이된거같은데"
2023-03-23 13:24:46,"경여니남편","너는 그냥 니 es를 호출하는 api만 주고"
2023-03-23 13:24:50,"동현이마누라","네"
2023-03-23 13:24:51,"경여니남편","그걸 연동하는건 걔네역할이어야죠"
2023-03-23 13:25:01,"경여니남편","넌 es에 데이터만 감정관련해서 걔들이 잘 가져갈수있게"
2023-03-23 13:25:04,"경여니남편","전달하는 함수만 짜면되지"
2023-03-23 13:25:22,"동현이마누라","근데 밀가루를 발주를 넣어야"
2023-03-23 13:25:24,"경여니남편","그게 음악이든 상품이든 특정 감정과 날짜를 입력받아서"
2023-03-23 13:25:26,"동현이마누라","빵공장을 돌리지"
2023-03-23 13:25:28,"동현이마누라","이모티콘"
2023-03-23 13:25:32,"경여니남편","??"
2023-03-23 13:25:35,"경여니남편","잠깐 뭔가"
2023-03-23 13:25:39,"경여니남편","역할 분담이 이상한데"
2023-03-23 13:25:40,"동현이마누라","지금 러닝커브가 어케되는지 모르니까 "
2023-03-23 13:25:55,"동현이마누라","지금 이슈는"
2023-03-23 13:25:56,"경여니남편","[일기 입력]-[자연어분석] || <- 여기까진 걔네 역할"
2023-03-23 13:26:01,"동현이마누라","네"
2023-03-23 13:26:18,"동현이마누라","저는 그럼"
2023-03-23 13:26:22,"경여니남편","\\ 이건 니역할 -> [특정감정, 특정날짜로 데이터요청] - [그 요청을 받아 데이터 리턴] "
2023-03-23 13:26:32,"경여니남편","이렇게 분담해야지"
2023-03-23 13:26:40,"경여니남편","뭔 일기를 니가 입력받노"
2023-03-23 13:27:34,"동현이마누라","그럼 전"
2023-03-23 13:27:37,"동현이마누라","사진"
2023-03-23 13:27:46,"동현이마누라","이걸 서버 단에서 구현할 그걸 "
2023-03-23 13:27:51,"동현이마누라","배워야겟네요"
2023-03-23 13:28:17,"경여니남편","일단"
2023-03-23 13:28:20,"경여니남편","데이터 크롤링은"
2023-03-23 13:28:21,"경여니남편","완료해야죠"
2023-03-23 13:28:30,"동현이마누라","하잇"
2023-03-23 13:28:31,"경여니남편","그담에 니가 서버를 구축해야되는데 그 서버는 "
2023-03-23 13:28:53,"경여니남편","니네 프로젝트 팀원들한테 제공할 api를 서빙하는 서버고"
2023-03-23 13:29:02,"경여니남편","그 api는 es에 니가 크롤링한 데이터를 검색해서 뱉어내는거임"
2023-03-23 13:29:07,"동현이마누라","아하"
2023-03-23 13:29:17,"동현이마누라","그래서 그 아교역할을 하는데"
2023-03-23 13:29:19,"동현이마누라","스웨거"
2023-03-23 13:29:22,"경여니남편","네"
2023-03-23 13:29:26,"경여니남편","팀원들은 스웨거만 보고 판단"
2023-03-23 13:29:28,"동현이마누라","전 api를 만드는거네요"
2023-03-23 13:29:42,"경여니남편","네 네이버클로바가 ai API 제공하는것마냥"
2023-03-23 13:29:45,"경여니남편","너도 API 만들어서 제공"
2023-03-23 13:30:13,"동현이마누라","일단 음악이나 뭔가 감성적인 주제를 제일 맘에들어하던데"
2023-03-23 13:30:16,"동현이마누라","영화라던가"
2023-03-23 13:30:24,"경여니남편","그럼 유튜브 긁어야지 뭐"
2023-03-23 13:30:28,"동현이마누라","알겟어연"
2023-03-23 13:30:29,"경여니남편","상품이 감성적이긴 어렵잖아"
2023-03-23 13:30:33,"동현이마누라"," 그렇죠"
2023-03-23 13:30:35,"동현이마누라","이모티콘"
2023-03-23 13:30:39,"경여니남편","영상은 감성적일수있으니"
2023-03-23 13:47:52,"동현이마누라","https://glitter-detail-c32.notion.site/Emiary-Project-8a70db8af79049289a0554f6694e639a"
2023-03-23 13:48:30,"동현이마누라","이모티콘"
2023-03-23 13:48:33,"동현이마누라","신난다"
2023-03-23 13:48:39,"경여니남편","응애?"
2023-03-23 13:48:55,"동현이마누라","노션이에오 팀원들의"
2023-03-23 14:34:31,"동현이마누라","저기..."
2023-03-23 14:34:33,"동현이마누라","실례합니다만"
2023-03-23 14:34:39,"동현이마누라","맥에 워드를 어케 까나요"
2023-03-23 14:37:18,"경여니남편","?"
2023-03-23 14:37:26,"경여니남편","그거 유료인디요"
2023-03-23 14:37:48,"경여니남편","https://apps.apple.com/kr/app/microsoft-word/id586447913"
2023-03-23 14:37:51,"동현이마누라","헉"
2023-03-23 14:37:52,"경여니남편","이런거 맥버전"
2023-03-23 14:37:53,"동현이마누라","방금"
2023-03-23 14:37:55,"동현이마누라","다운"
2023-03-23 14:37:57,"경여니남편","맥 앱스토어"
2023-03-23 14:37:57,"동현이마누라","받앗어요"
2023-03-23 14:37:58,"동현이마누라","이모티콘"
2023-03-23 15:16:20,"동현이마누라","아 이거!"
2023-03-23 15:16:25,"동현이마누라"," 편집 하려면 돈내라고 하네..."
2023-03-23 15:16:26,"동현이마누라","어째서..."
2023-03-23 15:28:10,"경여니남편","ㅋㅋ"
2023-03-23 15:28:11,"경여니남편","엌ㅋㅋ"
2023-03-23 15:28:15,"경여니남편","바보멍청이 경여니"
2023-03-23 15:35:58,"경여니남편","편집은 윈도우노트북으로 해야;; 그거 맥버전은 구독해야됨 비쌈"
2023-03-23 15:46:48,"동현이마누라","바보멍청이 경여니"
2023-03-23 15:46:49,"동현이마누라","흥"
2023-03-23 15:46:53,"동현이마누라"," 카라비너로 키 설정 함"
2023-03-23 15:46:55,"동현이마누라","나쁜련 "
2023-03-23 15:47:24,"경여니남편","응애?;;"
2023-03-23 15:47:38,"동현이마누라","흥!"
2023-03-23 15:47:50,"동현이마누라","여 팀에 약간"
2023-03-23 15:47:53,"동현이마누라","못하는 사람 있는데"
2023-03-23 15:47:56,"동현이마누라","자기 공부하고싶다고"
2023-03-23 15:47:59,"동현이마누라","뭐 할지 알려달래"
2023-03-23 15:48:07,"경여니남편","노마드코더"
2023-03-23 15:48:08,"경여니남편","던져"
2023-03-23 15:48:10,"경여니남편","강의"
2023-03-23 15:48:17,"동현이마누라","근데 사실 나도..."
2023-03-23 15:48:24,"동현이마누라","이모티콘"
2023-03-23 15:48:26,"경여니남편","?;"
2023-03-23 15:48:29,"동현이마누라","스웨거랑"
2023-03-23 15:48:34,"동현이마누라","노마드 코더 웹크롤링"
2023-03-23 15:48:39,"동현이마누라","보라할까"
2023-03-23 15:48:56,"경여니남편","원래 못하는 사람 크롤링 시켜서 데이터 필요할때마다 긁으라고 하는게"
2023-03-23 15:48:57,"경여니남편","속편함"
2023-03-23 15:49:03,"경여니남편","복잡한 로직 서버를 개발하라고 하는거보다"
2023-03-23 15:49:10,"경여니남편","이데이터 더 갖다줘여 하는게"
2023-03-23 15:49:13,"경여니남편","서로 편함"
2023-03-23 15:49:23,"경여니남편","유튜브 크롤링 시키던가"
2023-03-23 15:49:36,"경여니남편","근데 그러면"
2023-03-23 15:49:38,"경여니남편","경여니는 뭐하노"
2023-03-23 15:49:40,"경여니남편","노노"
2023-03-23 15:49:46,"경여니남편","이모티콘"
2023-03-23 15:50:33,"동현이마누라"," 나 트월킹"
2023-03-23 15:51:47,"경여니남편","이모티콘"
2023-03-23 15:54:07,"동현이마누라","근데 "
2023-03-23 15:54:47,"동현이마누라","구동환경이 다 제각각이누"
2023-03-23 15:54:53,"경여니남편","이모티콘"
2023-03-23 15:54:59,"경여니남편","그건 뭐"
2023-03-23 15:55:02,"경여니남편","다 그럴수있음"
2023-03-23 15:55:09,"경여니남편","서로 서버 호출만 되면 문제없음"
2023-03-23 15:55:21,"동현이마누라","그래서 스웨거?"
2023-03-23 15:55:30,"경여니남편","ㅇㅇ"
2023-03-23 15:55:32,"경여니남편","우리도 뭐"
2023-03-23 15:55:36,"경여니남편","게이트웨이는 자바"
2023-03-23 15:55:42,"경여니남편","데이터는 파이썬"
2023-03-23 15:55:51,"경여니남편","분기처리는 golang"
2023-03-23 15:55:55,"경여니남편","다 지멋대로인데"
2023-03-23 15:56:04,"경여니남편","각자 담당자가 문서화만 잘해놔서"
2023-03-23 15:56:09,"경여니남편","별 문제없음 서로 일하는데"
2023-03-23 15:56:49,"동현이마누라","그러네요 생각해보니"
2023-03-23 15:56:53,"동현이마누라"," 언어가 각각 다른데"
2023-03-23 15:56:56,"동현이마누라","이모티콘"
2023-03-23 15:57:11,"경여니남편","샵검색: #MSA"
2023-03-23 15:57:15,"경여니남편","샵검색: #MSA"
2023-03-23 16:37:38,"동현이마누라","난 그럼 유튜브 크롤링을 끝내고"
2023-03-23 16:37:47,"동현이마누라","db를 aws에 넣을수 있는 서버 구축을..."
2023-03-23 16:37:51,"동현이마누라","해야겠네요"
2023-03-23 16:37:55,"경여니남편","응애?"
2023-03-23 16:38:19,"동현이마누라","엥 아니 맞지 않나요"
2023-03-23 16:38:40,"경여니남편","응애;;"
2023-03-23 16:38:49,"경여니남편","ES찌를때"
2023-03-23 16:38:57,"동현이마누라","응애.."
2023-03-23 16:38:59,"동현이마누라","아"
2023-03-23 16:39:02,"경여니남편","크롤링한걸 db로 한번 해석하고"
2023-03-23 16:39:04,"동현이마누라"," 네 "
2023-03-23 16:39:06,"경여니남편","그걸 다시 es에 넣노"
2023-03-23 16:39:09,"동현이마누라","헥 "
2023-03-23 16:39:09,"경여니남편","이모티콘"
2023-03-23 16:39:13,"동현이마누라","응애;"
2023-03-23 16:39:19,"경여니남편","크롤링한건"
2023-03-23 16:39:23,"경여니남편","그대로 넣어야지 es에"
2023-03-23 16:39:26,"동현이마누라","그럼 "
2023-03-23 16:39:33,"동현이마누라","저쪽에 db는?"
2023-03-23 16:39:41,"경여니남편","DB?"
2023-03-23 16:39:43,"동현이마누라","멤버 "
2023-03-23 16:39:44,"동현이마누라","라던가"
2023-03-23 16:39:46,"동현이마누라","다이어리 "
2023-03-23 16:39:47,"동현이마누라","라던가"
2023-03-23 16:39:48,"경여니남편","그건 걔들이 하는거지"
2023-03-23 16:39:52,"경여니남편","너랑은 무관하지"
2023-03-23 16:39:54,"동현이마누라"," 근데 내가 "
2023-03-23 16:39:58,"동현이마누라","데이터를 못받으면 "
2023-03-23 16:40:00,"경여니남편","걔들걸 니가 들고뜨노?"
2023-03-23 16:40:06,"동현이마누라","일기를 못읽는데"
2023-03-23 16:40:08,"경여니남편","니 데이터는 다 es에 있는거고"
2023-03-23 16:40:12,"경여니남편","일기를 니가 왜읽노"
2023-03-23 16:40:16,"동현이마누라"," 일기는 내가"
2023-03-23 16:40:18,"동현이마누라","안읽어도 되나"
2023-03-23 16:40:21,"경여니남편","걔들이 니 api를 찔러야지"
2023-03-23 16:40:24,"동현이마누라"," 음..."
2023-03-23 16:40:26,"동현이마누라","알겠어여"
2023-03-23 16:40:40,"동현이마누라","일기는 es에 넣을 필요"
2023-03-23 16:40:43,"동현이마누라","없다는 소리네요"
2023-03-23 16:40:45,"경여니남편","ㅇㅇ"
2023-03-23 16:40:53,"동현이마누라"," 멤버 정보나 ㄱ"
2023-03-23 16:40:55,"동현이마누라","그런것도"
2023-03-23 16:41:01,"경여니남편","필요없지"
2023-03-23 16:41:08,"동현이마누라","내가 필요한건 "
2023-03-23 16:41:11,"경여니남편","넌 크롤링한 데이터가 어떤 식으로 es에들어갈건지"
2023-03-23 16:41:13,"동현이마누라","유튜브에서 크롤링한 데이터 "
2023-03-23 16:41:16,"경여니남편","그 필드정의를 하고"
2023-03-23 16:41:26,"경여니남편","그걸 넣고 커스텀하고 정리하고 검색하면됨"
2023-03-23 16:41:40,"동현이마누라"," 감정 점수에 맞게 "
2023-03-23 16:41:43,"동현이마누라","전달하는건 약간"
2023-03-23 16:41:46,"동현이마누라"," 두 측의 그레이존이네"
2023-03-23 16:41:58,"경여니남편","그래서 니가 크롤링 걔한테 시킬때도"
2023-03-23 16:42:01,"경여니남편","정의해야됨"
2023-03-23 17:02:27,"동현이마누라","사진"
2023-03-23 17:02:30,"동현이마누라","이런건가요"
2023-03-23 17:04:12,"동현이마누라","이야…근데 나루(전공자) 존나 못됐다"
2023-03-23 17:04:18,"동현이마누라","지희냐한테 혹시 43기 취업못하면 45기로 "
2023-03-23 17:04:23,"동현이마누라","들어올 수 도 있다고 왜 취업될 생각 하냐고 "
2023-03-23 17:04:27,"동현이마누라","근데 누나 나이제한 걸리니까 "
2023-03-23 17:04:30,"동현이마누라","45기 못 들어올수도?꺄하하"
2023-03-23 17:04:36,"동현이마누라","ㅇㅈㄹ"
2023-03-23 17:04:36,"경여니남편","하하하"
2023-03-23 17:08:18,"동현이마누라","맞나요 이게"
2023-03-23 17:08:35,"경여니남편","맞겠니"
2023-03-23 17:08:43,"동현이마누라","맞지않나 하하하"
2023-03-23 17:08:45,"동현이마누라","이모티콘"
2023-03-23 17:08:46,"경여니남편","es가 아무렇게나 넣으면 어이구 데이터네요 저희가 알아서 해석해서"
2023-03-23 17:08:49,"경여니남편","인덱스에 넣어드릴게요"
2023-03-23 17:08:50,"경여니남편","하겠냐"
2023-03-23 17:08:55,"경여니남편","필드정의 일일히 다 해야지"
2023-03-23 17:09:13,"동현이마누라","넹..."
2023-03-23 17:09:29,"동현이마누라","필드정의가 힘들구나"
2023-03-23 17:09:39,"경여니남편","{""index"": {""_index"": ""qnas_stg_2023-03-07"", ""_id"": 1}}
{""id"": 1, ""QuestionId"": ""1"", ""answerId"": ""1"", ""DomainLevel1"": ""1"", ""questionType"": ""1"", ""KoQ"": ""1"", ""carName"": ""1"", ""engineType"": ""1"", ""KoA"": ""1"", ""carYear"": ""1"", ""button"": ""1"", ""imgUrl"": ""1"", ""KeyID"": ""1"", ""Level1"": ""1"", ""EnLevel1"": ""1"", ""Level2"": ""1"", ""EnLevel2"": ""1"", ""Level3"": ""1"", ""EnLevel3"": ""1"", ""PatternLevel1"": ""1"", ""PatternLevel2"": ""1"", ""KoQNER"": ""1"", ""KoTTS"": ""1"", ""KoANER"": ""1"", ""EnQ"": ""1"", ""EnA"": ""1"", ""EnTTS"": ""1"", ""EnANER"": ""1"", ""IndexKeyword"": ""1"", ""IndexKeywordPbv"": ""1"", ""WeekNumber"": ""1"", ""Service"": ""0""}
"
2023-03-23 17:09:45,"경여니남편","이런식으로"
2023-03-23 17:09:49,"동현이마누라","에 에?에?"
2023-03-23 17:09:52,"동현이마누라","이모티콘"
2023-03-23 17:09:53,"경여니남편","첫줄은 index정의"
2023-03-23 17:09:58,"경여니남편","다음줄은 들어갈 필드와 데이터 "
2023-03-23 17:10:06,"경여니남편","잘 안보이면 구글에"
2023-03-23 17:10:07,"경여니남편","Jsonparser"
2023-03-23 17:10:09,"경여니남편","검색해서"
2023-03-23 17:10:10,"경여니남편","복붙해서 봐"
2023-03-23 17:10:21,"동현이마누라","이모티콘"
2023-03-23 17:10:45,"경여니남편","모든 데이터 각각이"
2023-03-23 17:10:51,"경여니남편","저런 식으로 크롤링되서 구성되서 떨어져야됨"
2023-03-23 17:10:58,"동현이마누라","근데"
2023-03-23 17:10:59,"경여니남편","그래야 저대로 bulk해서 넣을수있음"
2023-03-23 17:11:07,"동현이마누라","요청이"
2023-03-23 17:11:13,"동현이마누라"," 정밀하지않으면"
2023-03-23 17:11:24,"동현이마누라","뭔가"
2023-03-23 17:11:37,"동현이마누라","Es를 쓰나마나일거 같은데"
2023-03-23 17:14:04,"경여니남편","요청도 딱 parameter를"
2023-03-23 17:14:19,"경여니남편","특정 감정, 날짜, 카테고리, 이런식으로 제한해서"
2023-03-23 17:14:20,"경여니남편","받은다음에"
2023-03-23 17:14:22,"경여니남편","데이터 리턴해야지"
2023-03-23 17:38:07,"동현이마누라","일정 공유 : 네일아트 받는 날"
2023-03-23 17:39:38,"경여니남편","어머"
2023-03-23 17:39:44,"경여니남편","어디서받니"
2023-03-23 17:40:13,"동현이마누라","그 설명에"
2023-03-23 17:40:14,"동현이마누라","잇어여"
2023-03-23 17:46:57,"경여니남편","마포구 서교동이군요"
2023-03-23 17:47:16,"경여니남편","신정 그 단지가 층간소음이 있을수도 있다는 소리를 듣고"
2023-03-23 17:47:19,"경여니남편","고민중인 동혀니"
2023-03-23 18:04:16,"동현이마누라"," 응애 ?"
2023-03-23 18:04:24,"동현이마누라","야동 우퍼 스피커 틀자"
2023-03-23 18:04:28,"경여니남편",";;"
2023-03-23 18:04:31,"동현이마누라"," 화이트데이 미궁 복수 "
2023-03-23 18:04:39,"경여니남편","근데 생각해보면"
2023-03-23 18:04:43,"경여니남편","경기도광주 신축을 간다고 해도"
2023-03-23 18:04:47,"경여니남편","층간소음은 있을수있는거라"
2023-03-23 18:04:50,"경여니남편","모르겠네요 허허"
2023-03-23 18:05:05,"동현이마누라","우리가 섹스로 혼내주자"
2023-03-23 18:06:01,"경여니남편","어머"
2023-03-23 18:06:03,"경여니남편","나 부끄러워 얘"
2023-03-23 18:09:21,"동현이마누라","모임 중간지점 같은거"
2023-03-23 18:09:25,"동현이마누라","알려주는 어플 있으면 좋겟다"
2023-03-23 18:09:35,"경여니남편","그럴땐 그냥"
2023-03-23 18:09:40,"경여니남편","삼성역이나 강남역서 모여야.."
2023-03-23 18:09:43,"경여니남편","인프라 좋은데서 모여야지"
2023-03-23 18:10:30,"동현이마누라","위치 딱 "
2023-03-23 18:10:32,"동현이마누라","한강 "
2023-03-23 18:10:35,"동현이마누라","ㅇㅈㄹ 로 뜨면"
2023-03-23 18:10:46,"동현이마누라","동현이 사고방식이 너무 컴공같아 "
2023-03-23 18:10:53,"동현이마누라"," 전기 충전기로 지져야해 "
2023-03-23 18:11:28,"경여니남편",";;"
2023-03-23 18:11:33,"경여니남편","왜 또 날 괴롭히노"
2023-03-23 18:11:47,"경여니남편","아 아파트가 참 층간소음때문에 고뇌가 되긴하네요"
2023-03-23 18:11:52,"경여니남편","좋은 곳 없을까"
2023-03-23 18:12:07,"경여니남편","벽산 그 아파트는 단점이 주차라네"
2023-03-23 18:12:13,"경여니남편","밤8시 이후에오면 주차할 곳이 아예없대요"
2023-03-23 18:17:08,"동현이마누라","어머어머"
2023-03-23 18:17:12,"동현이마누라","미쳣다 미쳣어"
2023-03-23 18:17:17,"동현이마누라","(진짜 미치는 동현이"
2023-03-23 18:17:52,"경여니남편",";;"
2023-03-23 18:18:04,"경여니남편","이모티콘"
2023-03-23 18:56:28,"동현이마누라","사진"
2023-03-23 18:56:33,"동현이마누라","이걸 긁는거엿나"
2023-03-23 18:57:41,"경여니남편","나도 안해봐서"
2023-03-23 18:57:43,"경여니남편","몰겠네"
2023-03-23 18:57:44,"경여니남편","되나"
2023-03-23 19:00:17,"동현이마누라","https://velog.io/@godiva7319/%EC%9C%A0%ED%8A%9C%EB%B8%8C-%ED%81%AC%EB%A1%A4%EB%A7%81"
2023-03-23 20:40:46,"동현이마누라","대충"
2023-03-23 20:40:47,"동현이마누라"," 올림..."
2023-03-23 20:40:50,"동현이마누라","힘드로"
2023-03-23 20:44:06,"경여니남편","오"
2023-03-23 20:44:16,"경여니남편","사진"
2023-03-23 20:44:23,"동현이마누라","ㅇ응애?"
2023-03-23 20:44:24,"경여니남편","너 줄 맥북에어"
2023-03-23 20:44:27,"경여니남편","찾으러 죽전옴"
2023-03-23 20:44:28,"동현이마누라","막줘도되노"
2023-03-23 20:44:36,"경여니남편","애초에 내가 산거"
2023-03-23 20:44:39,"동현이마누라","넵"
2023-03-23 20:44:47,"동현이마누라","자료나 그런건"
2023-03-23 20:44:54,"동현이마누라","그럼 지금 가도 오빠 없네"
2023-03-23 20:45:47,"경여니남편","곧 가져감"
2023-03-23 20:45:53,"경여니남편","10시까지 감"
2023-03-23 20:47:03,"동현이마누라","응애응애"
2023-03-23 20:47:06,"동현이마누라","차타고 갓나요"
2023-03-23 20:51:28,"동현이마누라","몇인치에여"
2023-03-23 21:12:38,"경여니남편","지하철탔고"
2023-03-23 21:12:43,"경여니남편","11인치인가"
2023-03-23 21:12:44,"경여니남편","작음"
2023-03-23 21:12:47,"경여니남편","맥북에어라"
2023-03-23 21:12:49,"경여니남편","가볍고"
2023-03-23 21:12:52,"동현이마누라","응애응애"
2023-03-23 22:18:20,"경여니남편","가는중"
2023-03-23 22:27:33,"동현이마누라","목욕 중"
2023-03-24 00:00:26,"경여니남편","https://m.land.naver.com/article/info/2308289246"
2023-03-24 00:01:09,"경여니남편","https://m.land.naver.com/article/info/2312361582"
2023-03-24 00:02:19,"경여니남편","https://m.land.naver.com/article/info/2312110048"
2023-03-24 00:10:18,"동현이마누라","사진 4장"
2023-03-24 00:15:07,"동현이마누라","사진"
2023-03-24 00:16:00,"동현이마누라","사진"
2023-03-24 00:16:07,"동현이마누라","이 기능이 좋다"
2023-03-24 00:16:27,"경여니남편","오"
2023-03-24 08:51:04,"경여니남편","3시정도에 망원온다고 하네요"
2023-03-24 08:51:10,"경여니남편","집 비번이 뭐였죠"
2023-03-24 08:52:00,"경여니남편","이거죠?"
2023-03-24 08:54:43,"동현이마누라","네"
2023-03-24 08:54:43,"동현이마누라","맞아여"
2023-03-24 09:54:16,"동현이마누라","응애"
2023-03-24 09:54:17,"동현이마누라","오빠 "
2023-03-24 09:54:32,"동현이마누라","오빠가 설정해준 크롤 프로그램 "
2023-03-24 09:54:44,"동현이마누라","views.py말고 "
2023-03-24 09:54:49,"동현이마누라","다른 파일도 "
2023-03-24 09:54:57,"동현이마누라","실행시켜보고 픈데"
2023-03-24 09:55:09,"경여니남편","?"
2023-03-24 09:55:13,"경여니남편","뭔소리노 이기야"
2023-03-24 09:55:20,"경여니남편","그게 실행프로그램인데"
2023-03-24 09:58:22,"동현이마누라","응애?그럼 "
2023-03-24 09:58:25,"동현이마누라"," 다른 "
2023-03-24 09:58:28,"동현이마누라","걸로 해보고 프면"
2023-03-24 09:58:33,"동현이마누라","그 안에 파일을 "
2023-03-24 09:58:38,"동현이마누라","어디 다른데다가 옮기고 "
2023-03-24 09:58:45,"동현이마누라"," 그ㄱ하는수밖에 없는건가"
2023-03-24 10:11:37,"경여니남편","아니 그냥"
2023-03-24 10:11:41,"경여니남편","함수 새로 정의하고"
2023-03-24 10:11:51,"경여니남편","그 함수를 urls.py에서 부르면"
2023-03-24 10:11:54,"경여니남편","그럼 되는데요"
2023-03-24 10:12:03,"경여니남편","Views.py가 무진장 길어질뿐"
2023-03-24 10:33:48,"동현이마누라","코드좀"
2023-03-24 10:33:51,"동현이마누라","봐줄수 있나연"
2023-03-24 10:34:08,"경여니남편","저 지금"
2023-03-24 10:34:10,"경여니남편","지하철인ㄷ"
2023-03-24 10:34:18,"경여니남편","11시회의임"
2023-03-24 10:52:19,"동현이마누라","/Users/yeon/venv/bin/Python /Users/yeon/PycharmProjects/yeoncrawl/manage.py runserver 8000 
Performing system checks...

Watching for file changes with StatReloader
Exception in thread django-main-thread:
Traceback (most recent call last):
  File ""/Library/Developer/CommandLineTools/Library/Frameworks/Python3.framework/Versions/3.9/lib/python3.9/threading.py"", line 973, in _bootstrap_inner
    self.run()
  File ""/Library/Developer/CommandLineTools/Library/Frameworks/Python3.framework/Versions/3.9/lib/python3.9/threading.py"", line 910, in run
    self._target(*self._args, **self._kwargs)
  File ""/Users/yeon/venv/lib/python3.9/site-packages/django/utils/autoreload.py"", line 64, in wrapper
    fn(*args, **kwargs)
  File ""/Users/yeon/venv/lib/python3.9/site-packages/django/core/management/commands/runserver.py"", line 134, in inner_run
    self.check(display_num_errors=True)
  File ""/Users/yeon/venv/lib/python3.9/site-packages/django/core/management/base.py"", line 475, in check
    all_issues = checks.run_checks(
  File ""/Users/yeon/venv/lib/python3.9/site-packages/django/core/checks/registry.py"", line 88, in run_checks
    new_errors = check(app_configs=app_configs, databases=databases)
  File ""/Users/yeon/venv/lib/python3.9/site-packages/django/core/checks/urls.py"", line 14, in check_url_config
    return check_resolver(resolver)
  File ""/Users/yeon/venv/lib/python3.9/site-packages/django/core/checks/urls.py"", line 24, in check_resolver
    return check_method()
  File ""/Users/yeon/venv/lib/python3.9/site-packages/django/urls/resolvers.py"", line 494, in check
    for pattern in self.url_patterns:
  File ""/Users/yeon/venv/lib/python3.9/site-packages/django/utils/functional.py"", line 57, in __get__
    res = instance.__dict__[self.name] = self.func(instance)
  File ""/Users/yeon/venv/lib/python3.9/site-packages/django/urls/resolvers.py"", line 715, in url_patterns
    patterns = getattr(self.urlconf_module, ""urlpatterns"", self.urlconf_module)
  File ""/Users/yeon/venv/lib/python3.9/site-packages/django/utils/functional.py"", line 57, in __get__
    res = instance.__dict__[self.name] = self.func(instance)
  File ""/Users/yeon/venv/lib/python3.9/site-packages/django/urls/resolvers.py"", line 708, in urlconf_module
    return import_module(self.urlconf_name)
  File ""/Library/Developer/CommandLineTools/Library/Frameworks/Python3.framework/Versions/3.9/lib/python3.9/importlib/__init__.py"", line 127, in import_module
    return _bootstrap._gcd_import(name[level:], package, level)
  File ""<frozen importlib._bootstrap>"", line 1030, in _gcd_import
  File ""<frozen importlib._bootstrap>"", line 1007, in _find_and_load
  File ""<frozen importlib._bootstrap>"", line 986, in _find_and_load_unlocked
  File ""<frozen importlib._bootstrap>"", line 680, in _load_unlocked
  File ""<frozen importlib._bootstrap_external>"", line 850, in exec_module
  File ""<frozen importlib._bootstrap>"", line 228, in _call_with_frames_removed
  File ""/Users/yeon/PycharmProjects/yeoncrawl/yeoncrawl/urls.py"", line 19, in <module>
    import yeoncrawl.views
  File ""/Users/yeon/PycharmProjects/yeoncrawl/yeoncrawl/views.py"", line 3, in <module>
    from django.contrib.gis.gdal import feature
  File ""/Users/yeon/venv/lib/python3.9/site-packages/django/contrib/gis/gdal/__init__.py"", line 28, in <module>
    from django.contrib.gis.gdal.datasource import DataSource
  File ""/Users/yeon/venv/lib/python3.9/site-packages/django/contrib/gis/gdal/datasource.py"", line 40, in <module>
    from django.contrib.gis.gdal.driver import Driver
  File ""/Users/yeon/venv/lib/python3.9/site-packages/django/contrib/gis/gdal/driver.py"", line 5, in <module>
    from django.contrib.gis.gdal.prototypes import ds as vcapi
  File ""/Users/yeon/venv/lib/python3.9/site-packages/django/contrib/gis/gdal/prototypes/ds.py"", line 9, in <module>
    from django.contrib.gis.gdal.libgdal import lgdal
  File ""/Users/yeon/venv/lib/python3.9/site-packages/django/contrib/gis/gdal/libgdal.py"", line 60, in <module>
    raise Impr"
2023-03-24 10:52:20,"동현이마누라","dld"
2023-03-24 10:52:21,"동현이마누라","잉"
2023-03-24 10:53:20,"경여니남편","뭔가"
2023-03-24 10:53:25,"경여니남편","니가 잘못한거같은데"
2023-03-24 10:53:30,"경여니남편","저 에러로그로는 모르겠는데"
2023-03-24 10:53:54,"경여니남편","Urls.py에 니가 뭔가 잘못한듯"
2023-03-24 10:53:57,"경여니남편","쉼표처리라던가"
2023-03-24 10:56:28,"동현이마누라","챗지티피한테 물어보니"
2023-03-24 10:56:34,"동현이마누라","gdal	 "
2023-03-24 10:56:38,"동현이마누라","을 "
2023-03-24 10:56:39,"동현이마누라","찾으래"
2023-03-24 10:56:45,"경여니남편","Gdal같은거"
2023-03-24 10:56:50,"경여니남편","필요없다 그 프로젝트에"
2023-03-24 10:57:06,"경여니남편","Urls.py 니가 바꾼내용 여기다 복붙해봐"
2023-03-24 11:02:18,"동현이마누라","아 "
2023-03-24 11:02:23,"동현이마누라","먼가 코드가 섞여서 그런듯 "
2023-03-24 11:02:29,"경여니남편","이모티콘"
2023-03-24 11:02:35,"동현이마누라","허허 "
2023-03-24 11:02:41,"동현이마누라"," 다시 한번 잘 해보겠사와요"
2023-03-24 11:02:45,"경여니남편","이모티콘"
2023-03-24 11:19:12,"동현이마누라","근데 감정 분석 그게 돌리면 너무 늦게 로직이 작동하는데 "
2023-03-24 11:19:20,"경여니남편","네"
2023-03-24 11:19:24,"경여니남편","당연한듯?"
2023-03-24 11:19:28,"경여니남편","AI모델인데"
2023-03-24 11:20:59,"동현이마누라","흐흠"
2023-03-24 11:45:15,"동현이마누라","일기에서 많이 반복된 단어를 "
2023-03-24 11:45:31,"동현이마누라","찾으려할때 "
2023-03-24 11:46:07,"동현이마누라","만약에 '디올백'을 3번 반복해서 쓰고 .
'이케아 스토케'를 2번 썼다면 "
2023-03-24 11:46:17,"동현이마누라","각각 찾아서 제시할 수 있나요 "
2023-03-24 11:46:49,"동현이마누라","그리고 감정이 -2 -1  0 1 2 정도 라고 하면 그거랑 일기에서 빈출된 단어를 어케 묶어야 할지 "
2023-03-24 11:47:55,"경여니남편","??"
2023-03-24 11:48:06,"경여니남편","본문 검색도"
2023-03-24 11:48:09,"경여니남편","니가 짠다는거니"
2023-03-24 11:48:16,"경여니남편","우리 경여니 검색 전문가되겄어 아주"
2023-03-24 11:49:01,"경여니남편","https://v.daum.net/v/20230324061107961"
2023-03-24 11:49:50,"동현이마누라"," https://blog.naver.com/PostView.nhn?blogId=olpaemi&logNo=222020601578"
2023-03-24 11:49:56,"동현이마누라","호에엥"
2023-03-24 11:50:12,"경여니남편","우리경여니 스고이"
2023-03-24 11:50:14,"경여니남편","대단해"
2023-03-24 11:50:15,"경여니남편","칭찬해"
2023-03-24 11:51:09,"동현이마누라","응애 우ㅜ웅으앵애!!!1"
2023-03-24 12:04:06,"동현이마누라","그럼 모두의 일기를 통으로 읽어서 es를 돌린다음에 그걸 
 워드클라우드에  넣어서 시각화 

그리고 그 밑에 뉴스 정보를 크롤링해서 제시 
"
2023-03-24 12:05:47,"동현이마누라","그리고 뉴스 사이트에서 빈출된 단어를 
검색 해서ㅡ 제시 "
2023-03-24 12:06:10,"경여니남편","뉴스 api쓸수있나"
2023-03-24 12:06:14,"경여니남편","연합뉴스같은거"
2023-03-24 12:06:16,"경여니남편","몰겠네"
2023-03-24 12:06:26,"경여니남편","뉴스 크롤링?"
2023-03-24 12:08:34,"경여니남편","기사들이 월급받으면서 쓰는게 뉴스인디"
2023-03-24 12:08:38,"경여니남편","크롤링이 쉬울리가.."
2023-03-24 12:08:54,"동현이마누라","잉..."
2023-03-24 12:08:56,"동현이마누라","힝...."
2023-03-24 12:09:16,"경여니남편","샵검색: #네이버 뉴스 크롤링"
2023-03-24 12:09:22,"경여니남편","되긴되나보네"
2023-03-24 12:10:05,"동현이마누라","왜 1편만 썻노"
2023-03-24 12:19:53,"경여니남편","ㅎㅓ허"
2023-03-24 12:25:39,"동현이마누라","응애액!"
2023-03-24 12:26:02,"경여니남편","잉?"
2023-03-24 12:56:31,"동현이마누라","앗 앗 아니면..."
2023-03-24 12:56:37,"동현이마누라","카카오톡 대화로그를 다 읽어서"
2023-03-24 12:56:42,"동현이마누라"," 빈출단어?"
2023-03-24 12:56:46,"경여니남편","??"
2023-03-24 12:56:53,"경여니남편","로그 반출이"
2023-03-24 12:56:57,"동현이마누라","그것도 es에 할수 잇자나"
2023-03-24 12:56:57,"경여니남편","자기가 직접 내는거면 몰겠는데"
2023-03-24 12:57:02,"경여니남편","어케 반출할거노"
2023-03-24 12:58:02,"동현이마누라","그"
2023-03-24 12:58:08,"동현이마누라","직접 내야죠.."
2023-03-24 12:58:11,"동현이마누라","이모티콘"
2023-03-24 12:58:12,"경여니남편","ㅇㅅㅇ.."
2023-03-24 12:58:16,"경여니남편","그게 서비스노"
2023-03-24 12:58:17,"경여니남편","게이야"
2023-03-24 12:58:24,"경여니남편","프로젝트 구상을 으케하는거노"
2023-03-24 12:58:24,"경여니남편","으이"
2023-03-24 12:58:30,"동현이마누라","응애.."
2023-03-24 12:58:30,"경여니남편","걍 처음 아이디어 고수하지"
2023-03-24 12:58:32,"경여니남편","왜케 바꾸노"
2023-03-24 12:58:34,"경여니남편","확그냥"
2023-03-24 12:58:38,"경여니남편","유튜브 크롤링이나 할것이지"
2023-03-24 12:58:41,"경여니남편","뭐가 그리 맘에안들었노"
2023-03-24 12:59:03,"동현이마누라","크롤은 되는대"
2023-03-24 13:15:25,"동현이마누라","이잉~ "
2023-03-24 13:15:31,"동현이마누라","전달값을 명확하게 못 주니까 그런가봐"
2023-03-24 13:16:15,"경여니남편","정 그러면"
2023-03-24 13:16:38,"경여니남편","일기값 텍스트를 어떤 nlp api를 넣을거아냐"
2023-03-24 13:16:43,"경여니남편","그 리턴값이라도 정의해서 받어"
2023-03-24 14:07:57,"경여니남편","사진"
2023-03-24 14:08:33,"경여니남편","이게머노"
2023-03-24 14:08:57,"동현이마누라","그"
2023-03-24 14:08:59,"동현이마누라"," 박스에욘"
2023-03-24 14:09:01,"동현이마누라"," 옷 보관"
2023-03-24 14:09:08,"경여니남편","오잉?"
2023-03-24 14:09:13,"경여니남편","ㅇㅅㅇ"
2023-03-24 14:09:21,"동현이마누라","혹시나"
2023-03-24 14:09:22,"경여니남편","하여간 저 세탁기땜시 망원서 대기중"
2023-03-24 14:09:27,"동현이마누라","성수에 갈져갈 옷도"
2023-03-24 14:09:29,"동현이마누라","있을수 잇으니"
2023-03-24 14:09:31,"경여니남편","어머"
2023-03-24 14:09:35,"경여니남편","그랜저안가져왔는데"
2023-03-24 14:09:38,"경여니남편","ㅎㅎ"
2023-03-24 14:17:08,"동현이마누라","응애?"
2023-03-24 14:17:11,"동현이마누라","응애.."
2023-03-24 14:17:15,"동현이마누라","일단 싸두고 다음에"
2023-03-24 14:17:27,"경여니남편","아니면 뭐 택시타고 돌아가면서"
2023-03-24 14:17:31,"동현이마누라","하이"
2023-03-24 14:17:42,"경여니남편","트렁크에 넣어달라고 해도"
2023-03-24 14:27:14,"동현이마누라","모자라욘"
2023-03-24 14:27:22,"경여니남편","?"
2023-03-24 14:27:31,"경여니남편","머가 모자라"
2023-03-24 14:27:39,"경여니남편","이모티콘"
2023-03-24 14:53:32,"동현이마누라","역시 처음에 "
2023-03-24 14:53:36,"동현이마누라","단어 "
2023-03-24 14:53:44,"동현이마누라","당근 크롤링 한걸 그냥 "
2023-03-24 14:53:47,"동현이마누라","고수 해야겟어"
2023-03-24 14:54:02,"동현이마누라"," 감성적인 느낌으로 
뭘 또 새로 하려니까 어렵눙..."
2023-03-24 14:54:26,"경여니남편","ㅇㅇ..."
2023-03-24 14:54:33,"경여니남편","차라리 걔들이"
2023-03-24 14:54:39,"경여니남편","요청 어떻게 하기 어렵다면"
2023-03-24 14:55:01,"경여니남편","너가 es구축한 담에 걔들 데이터 받아주는 걸 구축해줘야될수도 있고"
2023-03-24 14:55:14,"동현이마누라","형태소 분석해서 이미지로 word cloud 제시하고 "
2023-03-24 14:55:22,"동현이마누라"," 앗 당신 이런말을 많이쓰시네욘"
2023-03-24 14:55:27,"경여니남편","니가 nlp api를 부르고 니가 연관된거 검색해서 묶고"
2023-03-24 14:55:31,"동현이마누라"," 이런 키워드가 계속 반복 되엇어욘 "
2023-03-24 14:55:32,"경여니남편","이래야될수도"
2023-03-24 14:55:40,"동현이마누라"," 사실상 "
2023-03-24 14:55:46,"동현이마누라","서버나 클로버 역할이아니라"
2023-03-24 14:55:59,"동현이마누라","백 -서버-api"
2023-03-24 14:56:01,"경여니남편","브레인역할을 다해줘야하는.."
2023-03-24 14:56:04,"경여니남편","이모티콘"
2023-03-24 14:56:04,"동현이마누라","를 다하는.."
2023-03-24 14:56:07,"동현이마누라","난쟈고래"
2023-03-24 14:56:10,"동현이마누라","그래도 뭐"
2023-03-24 14:56:21,"동현이마누라","손에 잡히는건 만들어놧으니까 얘네는"
2023-03-24 14:56:51,"동현이마누라"," 세원이네랑 다른건 "
2023-03-24 14:56:59,"동현이마누라","아 그게 좋아요? 그럼 하세요"
2023-03-24 14:57:09,"동현이마누라"," 그거라 차라리 좀 나은"
2023-03-24 14:57:11,"경여니남편","헣ㅎ"
2023-03-24 14:57:16,"경여니남편","이모티콘"
2023-03-24 14:57:20,"동현이마누라","세원이네는"
2023-03-24 14:57:29,"동현이마누라"," 누나가 뭘 할지 절 납득시켜보세요"
2023-03-24 14:57:34,"동현이마누라","다들 이해하셧어요? 들으셧나요"
2023-03-24 14:57:37,"동현이마누라","전 이해가안되는데요"
2023-03-24 14:57:39,"경여니남편","??;;;"
2023-03-24 14:57:46,"경여니남편","그정도얘기할래면"
2023-03-24 14:57:49,"경여니남편","자기가 프로젝트"
2023-03-24 14:57:55,"경여니남편","거의다한 상황이면"
2023-03-24 14:58:00,"경여니남편","저래도됨.."
2023-03-24 14:58:06,"경여니남편","근데"
2023-03-24 14:58:10,"동현이마누라","다들 이해하셧나여 안됏죠 그럼 걍 하지말뇨"
2023-03-24 14:58:12,"동현이마누라","죠"
2023-03-24 14:58:12,"경여니남편","너 또 그새끼욕이노"
2023-03-24 14:58:19,"경여니남편","또 칼들고 나 협박할거노"
2023-03-24 14:58:24,"경여니남편","이모티콘"
2023-03-24 14:58:33,"동현이마누라","헉"
2023-03-24 14:58:38,"동현이마누라","이에이에"
2023-03-24 14:58:58,"경여니남편","망원에서 경여니 뒷처리하는중인데"
2023-03-24 14:59:04,"경여니남편","나 또 괴롭힐각보는 경여니"
2023-03-24 14:59:11,"동현이마누라","이모티콘"
2023-03-24 14:59:14,"동현이마누라","오늘 ㅅ ㅅ 해여 ?"
2023-03-24 14:59:17,"경여니남편","어머"
2023-03-24 14:59:21,"경여니남편","나 부끄러워 얘"
2023-03-24 14:59:25,"동현이마누라","쇠악스 준비물은.."
2023-03-24 14:59:27,"경여니남편","이모티콘"
2023-03-24 14:59:30,"경여니남편","어머"
2023-03-24 14:59:37,"경여니남편","이모티콘"
2023-03-24 14:59:42,"동현이마누라","가져오셧나요"
2023-03-24 14:59:49,"경여니남편","그런거"
2023-03-24 14:59:55,"경여니남편","걍 돌아가는길에"
2023-03-24 14:59:59,"경여니남편","약국서 사면돰"
2023-03-24 15:02:25,"경여니남편","https://school.programmers.co.kr/learn/courses/16623/16623-4기-k-digital-training-빅데이터-플랫폼-프론트엔드-엔지니어링?utm_campaign=school_16623_noti&utm_content=16623_23mar&utm_medium=email&utm_source=mailchimp"
2023-03-24 15:02:28,"경여니남편","어머"
2023-03-24 15:02:34,"경여니남편","경여니 넥스트 부트캠프다"
2023-03-24 15:19:00,"경여니남편","아니면 iOS 프로그래머로 전직하는 것도 ㅎㅎ"
2023-03-24 15:19:19,"경여니남편","나중에 제가 회사 은퇴하고 창업할때 좋을지도"
2023-03-24 15:33:31,"동현이마누라","응애?"
2023-03-24 15:33:33,"동현이마누라","동혀니 언제"
2023-03-24 15:33:35,"동현이마누라","은퇴해"
2023-03-24 15:33:40,"동현이마누라","학생 가르치는 일은 절대안대"
2023-03-24 15:33:50,"경여니남편","너가 낳은 애가"
2023-03-24 15:33:52,"경여니남편","대학은 가야"
2023-03-24 15:33:57,"경여니남편","은퇴를 맘놓고하지않겠니"
2023-03-24 15:34:02,"동현이마누라","애는 언제 낳아여"
2023-03-24 15:34:13,"경여니남편","니가 낳기 좋을때 낳죠 뭐"
2023-03-24 15:34:14,"동현이마누라","어머니는 몇살에 낳으셧나여"
2023-03-24 15:34:21,"경여니남편","26살에 저 낳으심"
2023-03-24 15:34:24,"동현이마누라","ㅠㅠㅠ"
2023-03-24 15:34:29,"경여니남편","35살에 김혜진씨 낳으심"
2023-03-24 15:34:34,"동현이마누라","이모티콘"
2023-03-24 15:34:41,"동현이마누라","너무늦어졋자나"
2023-03-24 15:34:48,"경여니남편","응애?"
2023-03-24 15:35:02,"경여니남편","요즘기준으로봐야지"
2023-03-24 15:35:26,"경여니남편","요즘은 시험관으로 42에 고생하면서 낳는 부부들도 주변에 마니봄"
2023-03-24 15:35:33,"동현이마누라","그"
2023-03-24 15:35:36,"동현이마누라","종희씨도"
2023-03-24 15:35:39,"동현이마누라","35살임"
2023-03-24 15:35:40,"동현이마누라","ㅎㅎ"
2023-03-24 15:35:43,"경여니남편","ㅎㅎ"
2023-03-24 15:36:57,"동현이마누라","나 근데 왜"
2023-03-24 15:37:03,"동현이마누라","왜 백엔드"
2023-03-24 15:37:06,"동현이마누라","로 흘려가고잇냐"
2023-03-24 15:37:09,"동현이마누라","커리가"
2023-03-24 15:37:18,"경여니남편","센터에서 그렇게 배운건데"
2023-03-24 15:37:22,"경여니남편","뭐 초반 그런건 금방"
2023-03-24 15:37:27,"경여니남편","전환가능함"
2023-03-24 16:20:12,"동현이마누라","역시 애매한 감정의 처리는 어려워 "
2023-03-24 16:20:34,"동현이마누라","해체는 잘 되었나요 "
2023-03-24 16:20:59,"경여니남편","지금 막 도착해서"
2023-03-24 16:21:02,"경여니남편","세탁기실 문 떼고"
2023-03-24 16:21:06,"동현이마누라"," 하잇"
2023-03-24 16:21:09,"동현이마누라"," ㄷㄷ"
2023-03-24 16:21:13,"동현이마누라","문을떼여?"
2023-03-24 16:21:15,"경여니남편","작업중 두명이"
2023-03-24 16:21:17,"경여니남편","ㅇㅇ"
2023-03-24 16:21:17,"동현이마누라"," 흐에?"
2023-03-24 16:21:19,"동현이마누라","네..."
2023-03-24 16:21:25,"동현이마누라","거기 "
2023-03-24 16:21:26,"동현이마누라","재미없죠 "
2023-03-24 16:21:27,"동현이마누라","먼가 "
2023-03-24 16:21:33,"동현이마누라","통신도 잘 안잡히고.."
2023-03-24 16:21:39,"동현이마누라"," 혜진이는 아까 만났어요 "
2023-03-24 16:21:51,"경여니남편","네 뭐"
2023-03-24 16:21:56,"경여니남편","그래서 밖에서 기다리다가"
2023-03-24 16:21:58,"경여니남편","옴"
2023-03-24 16:22:31,"동현이마누라"," 할일도 없겠내 "
2023-03-24 16:22:35,"동현이마누라"," 쓰담쓰담"
2023-03-24 16:22:41,"경여니남편","아직"
2023-03-24 16:22:51,"경여니남편","사진"
2023-03-24 16:22:55,"동현이마누라","ㄷㄷ"
2023-03-24 16:23:00,"경여니남편","개빡센작업하는듯"
2023-03-24 16:23:05,"동현이마누라","끼 야ㅏ악"
2023-03-24 16:23:06,"동현이마누라"," 그거"
2023-03-24 16:23:08,"동현이마누라"," 따로따로"
2023-03-24 16:23:11,"동현이마누라","바닥에 놓을수 있냐고"
2023-03-24 16:23:13,"동현이마누라","물어보면"
2023-03-24 16:23:14,"동현이마누라"," 칼맞나"
2023-03-24 16:23:18,"경여니남편","박스포장"
2023-03-24 16:23:21,"동현이마누라"," 아하 "
2023-03-24 16:23:22,"경여니남편","해서 줄거고"
2023-03-24 16:23:29,"경여니남편","설치는 가서 또"
2023-03-24 16:23:35,"경여니남편","따로 신청해야됨"
2023-03-24 16:23:41,"동현이마누라"," 오호 "
2023-03-24 16:30:33,"동현이마누라","[연세동문회관] 세브란스검진 예약..
[Web발신]
[연세동문회관]  세브란스검진 예약 관련하여 안내드립니다. 
세브란스병원측에서 빠른 시일 내 예약을 요청하여, 검진 예약하실 분들은 상반기 중으로 세브란스병원 예약부로 꼭 연락하셔서 예약을 잡으시길바랍니다. 곧 전반적인 할인율 조정이 진행될 예정으로, 기 예약자의 경우 우선적으로 예약을 도와드립니다.
이에 상반기까지 꼭 예약을 진행해주시고, 늦어질 경우 할인율이 조정되어 기존 50%에서 20%D.C로 진행될 수 있는 점 참조바랍니다. 
예약센터에 신랑신부님 예식일시와 존함을 말씀하시면 세브란스 예약부측에서 확인하여 예약 진행을 도와드릴 것 입니다. 혹 확인이 안될시 저희쪽으로 연락주시면 확인을 도와드리도록하겠습니다. 감사합니다. 

세브란스병원 예약부: Tel. 1588-7757"
2023-03-24 16:30:48,"경여니남편","무시해"
2023-03-24 16:30:58,"경여니남편","회사 무료 건강검진받아야지 저걸 왜받노"
2023-03-24 16:31:05,"동현이마누라","이모티콘"
2023-03-24 16:31:11,"동현이마누라"," 어맛 "
2023-03-24 16:31:21,"경여니남편","50%래도 개비쌀건데 쟤네"
2023-03-24 16:31:23,"경여니남편","장사할라고"
2023-03-24 16:33:09,"동현이마누라","오빠 너무멋졍"
2023-03-24 16:33:23,"경여니남편","이모티콘"
2023-03-24 16:33:37,"동현이마누라","이런 개씹틀탁같은"
2023-03-24 16:33:44,"동현이마누라","건 어디서 받누"
2023-03-24 16:33:46,"경여니남편","이모티콘"
2023-03-24 16:33:59,"경여니남편","아키에이지워 깔았다고 이런 ㅈ같은 임티줌"
2023-03-24 16:35:27,"경여니남편","이모티콘"
2023-03-24 16:40:01,"동현이마누라","조금 "
2023-03-24 16:40:06,"동현이마누라","저녁을 먹으며"
2023-03-24 16:40:09,"동현이마누라","맥주를 조금 먹어도 "
2023-03-24 16:40:11,"동현이마누라","개안을까여"
2023-03-24 16:40:50,"경여니남편","네?"
2023-03-24 16:40:52,"경여니남편","네.."
2023-03-24 16:40:57,"경여니남편","뭐 적당히만 드시고"
2023-03-24 16:40:59,"경여니남편","합정오세요"
2023-03-24 16:43:07,"동현이마누라","넵"
2023-03-24 16:43:34,"경여니남편","사진"
2023-03-24 16:51:21,"동현이마누라"," ES부분에 있어서 일기를 넣으면 
반복되는 키워드를 통해서 당근에서 상품 추천을 하는 광고페이지를 맡겠습니다 html에 구현되는데 까지 할테니 

나중에 css덮어씌워 주십쇼 "
2023-03-24 16:51:23,"동현이마누라","라고할까"
2023-03-24 16:52:12,"경여니남편","??"
2023-03-24 16:52:16,"경여니남편","뭔가"
2023-03-24 16:52:21,"경여니남편","명확하지않은데요"
2023-03-24 16:53:30,"동현이마누라","헤엣"
2023-03-24 16:53:56,"경여니남편","사진"
2023-03-24 16:59:43,"동현이마누라","그 그럼 왓슈드 아이두"
2023-03-24 16:59:45,"동현이마누라","해아하나요"
2023-03-24 17:03:44,"경여니남편","저도 머리를 좀 돌려야되서"
2023-03-24 17:03:49,"경여니남편","허허"
2023-03-24 17:06:50,"경여니남편","사진"
2023-03-24 17:07:15,"경여니남편","완료"
2023-03-24 17:07:19,"경여니남편","사진"
2023-03-24 17:07:22,"경여니남편","전 이제 합정 복귀합니다"
2023-03-24 17:13:49,"동현이마누라","감사핮니다"
2023-03-24 17:13:54,"동현이마누라"," 센세 모시 카시테..."
2023-03-24 17:14:08,"경여니남편","ㅇㅅㅇ?"
2023-03-24 17:14:10,"동현이마누라","인스타 크롤링은"
2023-03-24 17:24:38,"동현이마누라","https://github.com/SOMJANG"
2023-03-24 17:25:21,"경여니남편","ㅇㅅㅇ?"
2023-03-24 17:25:30,"경여니남편","뭐 인스타는"
2023-03-24 17:25:36,"경여니남편","사적으로써도되나"
2023-03-24 17:25:40,"경여니남편","나는 몰러"
2023-03-24 17:26:03,"경여니남편","일단 근처 안경원서"
2023-03-24 17:26:05,"경여니남편","렌즈삼"
2023-03-24 17:26:10,"동현이마누라","그거 도수"
2023-03-24 17:26:13,"동현이마누라","잘봣나요"
2023-03-24 17:26:16,"경여니남편","ㅇㅇ"
2023-03-24 17:26:22,"동현이마누라","촬영용무테 안경테"
2023-03-24 17:26:24,"경여니남편","왼 오 다르게 삼"
2023-03-24 17:26:30,"동현이마누라","몇 먗인가요"
2023-03-24 17:26:35,"경여니남편","촬영용 안경테는"
2023-03-24 17:26:38,"경여니남편","딴데서 사려고"
2023-03-24 17:26:40,"경여니남편","걍 안삼"
2023-03-24 17:26:42,"동현이마누라","네"
2023-03-24 17:26:44,"동현이마누라","비싸서?"
2023-03-24 17:27:08,"경여니남편","가격은 뭐 그냥그런데 딱히 끌리는게 안보임"
2023-03-24 17:27:21,"경여니남편","1회용렌즈만 샀음"
2023-03-24 18:31:32,"경여니남편","응애?"
2023-03-24 18:31:36,"경여니남편","(얘 언제오지)"
2023-03-24 18:31:38,"경여니남편","ㅇㅅㅇ.."
2023-03-24 18:35:53,"동현이마누라","응애?"
2023-03-24 18:35:55,"동현이마누라","모임이"
2023-03-24 18:35:57,"동현이마누라","7시반이고 "
2023-03-24 18:36:02,"동현이마누라","지금은 센터에서 "
2023-03-24 18:36:07,"동현이마누라","크롤링 보는중"
2023-03-24 18:36:17,"경여니남편","응애?"
2023-03-24 18:36:19,"경여니남편","모임이래.."
2023-03-24 18:36:27,"경여니남편","경여니 정말 딴남자만난다"
2023-03-24 18:36:28,"경여니남편","으앙"
2023-03-24 18:36:47,"동현이마누라","엥"
2023-03-24 18:36:48,"동현이마누라","아닌데 "
2023-03-24 18:37:01,"동현이마누라","여자 셋에 남자 한명일걸"
2023-03-24 18:37:13,"경여니남편","이모티콘"
2023-03-24 18:59:17,"동현이마누라","응애?"
2023-03-24 18:59:20,"동현이마누라","깃에다가 올림"
2023-03-24 18:59:23,"동현이마누라","이모티콘"
2023-03-24 19:02:22,"경여니남편","이모티콘"
2023-03-24 19:59:16,"동현이마누라","사진"
2023-03-24 19:59:36,"동현이마누라","흐흐"
2023-03-24 19:59:37,"동현이마누라","흐흐흐"
2023-03-24 20:31:53,"경여니남편","응애"
2023-03-24 20:38:31,"동현이마누라","https://www.instiz.net/pt/6804046"
2023-03-24 20:39:03,"동현이마누라","제가ㅜ이상한건 방사능탓!!"
2023-03-24 20:45:19,"경여니남편","이모티콘"
2023-03-24 21:12:28,"경여니남편","웅애"
2023-03-24 21:12:30,"경여니남편","경여니 안온다"
2023-03-24 21:12:33,"경여니남편","맥주 조금이라더만 아주"
2023-03-24 21:12:36,"경여니남편","달리고 올 예정"
2023-03-24 21:13:29,"동현이마누라","유효오오오오"
2023-03-24 21:13:57,"동현이마누라","가 어니라"
2023-03-24 21:15:04,"경여니남편","이모티콘"
2023-03-24 21:18:35,"경여니남편","사진"
2023-03-24 21:18:44,"경여니남편","경여니 안와서 사소한 복수중"
2023-03-24 21:28:58,"동현이마누라","응애?"
2023-03-24 21:29:13,"동현이마누라","응애!"
2023-03-24 21:30:50,"동현이마누라","사진"
2023-03-24 21:31:53,"경여니남편","아아주우우"
2023-03-24 21:31:55,"경여니남편","남편없이"
2023-03-24 21:31:56,"경여니남편","잘 논다~~~"
2023-03-24 21:32:06,"동현이마누라","헤헤"
2023-03-24 21:32:12,"동현이마누라"," 응애응애🫰🏻"
2023-03-24 21:32:21,"경여니남편","이모티콘"
2023-03-24 21:43:51,"동현이마누라","후헤"
2023-03-24 21:45:23,"경여니남편","은제와"
2023-03-24 21:59:27,"경여니남편","이경연 너무 늦어서"
2023-03-24 21:59:35,"경여니남편","인강만듣는이경연 레벨 25되겄어"
2023-03-24 22:52:33,"동현이마누라","응애?"
2023-03-24 22:52:35,"동현이마누라","ㄷㄷ"
2023-03-24 22:52:38,"동현이마누라","인제가요"
2023-03-24 22:52:48,"경여니남편","빨리와 ㅡㅡ"
2023-03-24 22:52:52,"경여니남편","기다리다 말라죽겄네"
2023-03-24 23:09:53,"동현이마누라","라이라이 라차차"
2023-03-24 23:10:22,"동현이마누라","택시 탐"
2023-03-24 23:35:35,"동현이마누라","융애"
2023-03-24 23:36:52,"동현이마누라","응애"
2023-03-24 23:36:58,"경여니남편","응애?"
2023-03-24 23:36:59,"경여니남편","은제와"
2023-03-25 12:24:22,"경여니남편","사진"
2023-03-25 12:36:07,"동현이마누라","사진 4장"
2023-03-25 12:41:21,"경여니남편","예매완료 
영화관 : 메가박스 성수
상영관 : 성수 4관
영화명 : 파벨만스
구매수량 : 2매
좌석정보 : J 5, J 6
예매번호 : [9034-215-25639]
상영일자 : 2023-03-25 20:50"
2023-03-25 12:49:49,"경여니남편","일정 공유 : 파벨만스"
2023-03-25 15:35:11,"동현이마누라","네일받는데"
2023-03-25 15:35:15,"동현이마누라","저번에 다스리가알려준덴데 스아게에서 가까워"
2023-03-25 15:35:37,"경여니남편","ㅇㅅㅇ?"
2023-03-25 15:36:34,"동현이마누라","사진 3장"
2023-03-25 15:36:54,"경여니남편","어머 너무 무섭다 얘"
2023-03-25 15:36:56,"동현이마누라","사진"
2023-03-25 15:37:01,"경여니남편","이모티콘"
2023-03-25 18:07:27,"경여니남편","언제끝나나요"
2023-03-25 18:07:54,"동현이마누라","이제 패디해요"
2023-03-25 18:07:55,"동현이마누라","웅애"
2023-03-25 18:08:39,"동현이마누라","베구파"
2023-03-25 18:08:46,"동현이마누라","손톱연장함"
2023-03-25 18:16:48,"경여니남편","전 피방 나가서 합정가는중"
2023-03-25 18:17:19,"동현이마누라","엄청 도톰하네"
2023-03-25 18:17:48,"경여니남편","렌즈는"
2023-03-25 18:17:49,"경여니남편","샀나요"
2023-03-25 18:18:21,"동현이마누라","못삿어요"
2023-03-25 18:18:25,"동현이마누라","아까부터 "
2023-03-25 18:18:40,"동현이마누라"," 여기 갇혀잇어"
2023-03-25 18:26:20,"경여니남편","저는 테"
2023-03-25 18:26:22,"경여니남편","샀음"
2023-03-25 18:26:24,"경여니남편","알없이"
2023-03-25 18:26:58,"동현이마누라","잘했어요"
2023-03-25 18:37:01,"동현이마누라","응애"
2023-03-25 18:37:05,"동현이마누라","응애!"
2023-03-25 18:40:51,"경여니남편","응애?"
2023-03-25 18:51:22,"경여니남편","은제끝나노"
2023-03-25 18:51:24,"경여니남편","나 합정도착"
2023-03-25 18:51:34,"경여니남편","슬슬 짐싸서 여기서 7시반엔 나가야"
2023-03-25 18:51:34,"동현이마누라","꼬륵꼬륵"
2023-03-25 18:51:39,"동현이마누라","하잇"
2023-03-25 18:51:52,"동현이마누라","7시엔 일어날거같은대"
2023-03-25 18:51:58,"동현이마누라","이모티콘"
2023-03-25 18:51:59,"경여니남편","오래걸리긴하네"
2023-03-25 18:52:09,"동현이마누라","아침내내 공복이야"
2023-03-25 18:52:13,"경여니남편","?"
2023-03-25 18:52:18,"경여니남편","치킨"
2023-03-25 18:52:22,"경여니남편","소금빵"
2023-03-25 18:52:23,"동현이마누라","응애 "
2023-03-25 18:52:26,"경여니남편","??"
2023-03-25 18:52:27,"동현이마누라"," 행복이가 먹음"
2023-03-25 18:52:29,"경여니남편","공복??"
2023-03-25 18:52:31,"동현이마누라","난 공복"
2023-03-25 18:52:35,"경여니남편","행복이 내가 죽이러간다"
2023-03-25 18:52:37,"동현이마누라","이모티콘"
2023-03-25 18:52:42,"경여니남편","어떤 놈 자식이야"
2023-03-25 18:52:43,"동현이마누라","씨벌년"
2023-03-25 18:52:46,"동현이마누라","ㅠㅠ"
2023-03-25 18:53:08,"동현이마누라","행복이 퇴치됨"
2023-03-25 18:53:17,"경여니남편","이모티콘"
2023-03-25 18:53:21,"경여니남편","퇴마"
2023-03-25 18:58:04,"경여니남편","합정 여기 그냥 전화는 잘 끊겨"
2023-03-25 18:58:07,"경여니남편","보이스톡해야됨"
2023-03-25 19:00:04,"동현이마누라","사진"
2023-03-25 19:00:07,"동현이마누라","추어"
2023-03-25 19:00:24,"경여니남편","짐싸는중"
2023-03-25 19:06:06,"동현이마누라","배고팟"
2023-03-25 19:09:43,"경여니남편","일단"
2023-03-25 19:09:52,"경여니남편","하겐다스 하나 샀음"
2023-03-25 19:10:07,"경여니남편","이동해서 영화관 근처서 머 먹죠 식당 있던데"
2023-03-25 19:10:15,"동현이마누라","오빠가 가방 들구옴?"
2023-03-25 19:10:28,"경여니남편","니 가방까지 내가 챙길 예정"
2023-03-25 19:10:30,"경여니남편","곧 나감"
2023-03-25 19:10:37,"동현이마누라","네"
2023-03-25 19:17:34,"경여니남편","저 그럼"
2023-03-25 19:17:37,"경여니남편","바로"
2023-03-25 19:18:03,"경여니남편","뚝섬역으로 가도 되는 상황?"
2023-03-25 19:20:09,"동현이마누라"," 네 저도"
2023-03-25 19:20:09,"동현이마누라"," 랜즈 샀어요 (남편카드로"
2023-03-25 19:26:20,"경여니남편","이모티콘"
2023-03-25 19:26:50,"경여니남편","전 이제 2호선탐"
2023-03-25 19:27:03,"동현이마누라","저 "
2023-03-25 19:27:09,"동현이마누라"," 급속 충전기사야함"
2023-03-25 19:27:14,"동현이마누라","사진"
2023-03-25 19:27:21,"경여니남편","음?"
2023-03-25 19:27:24,"경여니남편","이모티콘"
2023-03-25 19:27:44,"경여니남편","편의점에서"
2023-03-25 19:27:53,"경여니남편","내가 저번에 샀었던"
2023-03-25 19:27:56,"경여니남편","1회용 충전"
2023-03-25 19:28:00,"경여니남편","그런거 사면 편한데"
2023-03-25 19:32:58,"동현이마누라","ㅇㅇ 기다리는중"
2023-03-25 19:37:40,"동현이마누라","사진"
2023-03-25 19:37:45,"동현이마누라","왠일본인이 "
2023-03-25 19:37:51,"동현이마누라"," 생리대 추천해달래서"
2023-03-25 19:37:58,"경여니남편","어머"
2023-03-25 19:38:04,"경여니남편","일본어로 추천했노"
2023-03-25 19:38:05,"경여니남편","🇯🇵"
2023-03-25 19:38:20,"동현이마누라","그래서 에 생리몇일째?"
2023-03-25 19:38:23,"동현이마누라","양이만아?"
2023-03-25 19:38:36,"동현이마누라"," 그럼 이건 안대 이건 삼일째용"
2023-03-25 19:38:58,"동현이마누라","아 이거랑 이거 사면 원플원이래 보통 이걸써"
2023-03-25 19:40:13,"경여니남편","이모티콘"
2023-03-25 19:40:22,"동현이마누라","나 "
2023-03-25 19:40:22,"동현이마누라"," 쟈철 탓어요"
2023-03-25 19:40:30,"경여니남편","이모티콘"
2023-03-25 19:40:47,"동현이마누라","사진"
2023-03-25 19:40:54,"동현이마누라","애들이불안해하네"
2023-03-25 19:41:00,"동현이마누라","이모티콘"
2023-03-25 19:41:08,"경여니남편","이모티콘"
2023-03-25 19:41:13,"동현이마누라"," 13년차 개발자의 치카라를 보여줘"
2023-03-25 19:41:23,"경여니남편","이모티콘"
2023-03-25 19:41:38,"동현이마누라","?"
2023-03-25 19:41:44,"동현이마누라","집나간다"
2023-03-25 19:42:05,"동현이마누라","촬영 하루전에 가출 선언"
2023-03-25 19:42:11,"경여니남편","어머"
2023-03-25 19:42:14,"경여니남편","이모티콘"
2023-03-25 19:42:27,"경여니남편","근데 경여니는"
2023-03-25 19:42:29,"경여니남편","뭘해가노"
2023-03-25 19:42:38,"동현이마누라","나"
2023-03-25 19:42:43,"동현이마누라"," 인스타 크롤해서"
2023-03-25 19:43:02,"동현이마누라"," 일기도 쟤들이 "
2023-03-25 19:43:08,"동현이마누라"," 파라메터를전송 못할거같은데"
2023-03-25 19:43:23,"동현이마누라","뭐 받아야 검색을해주지"
2023-03-25 19:43:52,"동현이마누라","그냥 내 주변 사람들 인스타 크롤한거 넣어서 "
2023-03-25 19:44:02,"동현이마누라","키워드 검색 보여주기 "
2023-03-25 19:53:25,"경여니남편","이모티콘"
2023-03-25 19:53:37,"동현이마누라","이모티콘"
2023-03-25 19:53:43,"동현이마누라","응애응애.."
2023-03-25 19:56:22,"경여니남편","이모티콘"
2023-03-25 19:56:40,"경여니남편","얼른 오셈"
2023-03-25 19:57:55,"동현이마누라","내가 중간에 들어간거라서"
2023-03-25 19:58:05,"동현이마누라"," 먼가를 해서"
2023-03-25 19:58:17,"동현이마누라"," 애들의 불안을 낮춰줘야하는데"
2023-03-25 19:58:27,"동현이마누라","나도 거지같은 지식이라"
2023-03-25 19:58:36,"경여니남편","이모티콘"
2023-03-25 20:01:54,"동현이마누라","동현이 내 플젝 진짜 안도와준다"
2023-03-25 20:01:59,"동현이마누라","이모티콘"
2023-03-25 20:02:21,"경여니남편","도와줄게"
2023-03-25 20:02:31,"경여니남편","장고로 쌩으로 인스타짜고"
2023-03-25 20:02:42,"경여니남편","쌩으로 크롤링해서 넣고보여주고"
2023-03-25 20:02:49,"경여니남편","Es넣는거까지"
2023-03-25 20:03:03,"경여니남편","하여간 오늘은"
2023-03-25 20:03:10,"동현이마누라","이모티콘"
2023-03-25 20:03:20,"동현이마누라","오빠짱!!!"
2023-03-25 20:03:22,"경여니남편","짐 집에놔두고 영화관 근처서 밥이나 얼른 묵죠"
2023-03-25 20:05:06,"동현이마누라","저"
2023-03-25 20:05:09,"동현이마누라"," 뚝섬"
2023-03-25 20:05:28,"경여니남편","너 짐 별로 없으면"
2023-03-25 20:05:33,"경여니남편","바로 메가박스건물 가셈"
2023-03-25 20:05:45,"경여니남편","난 가방만 놓고 바로감"
2023-03-25 20:12:56,"경여니남편","응애?"
2023-03-25 20:17:36,"동현이마누라","추워서 버스 기다리늠중"
2023-03-25 20:17:37,"경여니남편","난 메가박스 도착"
2023-03-25 20:18:52,"경여니남편","사진"
2023-03-25 20:19:00,"동현이마누라","버스타구 바로가야징"
2023-03-25 20:19:46,"경여니남편","사진"
2023-03-25 20:20:00,"동현이마누라","중식중식"
2023-03-25 20:20:07,"동현이마누라","중식이 쪼아여"
2023-03-25 20:20:25,"경여니남편","중식 마감했다는데"
2023-03-25 20:20:26,"경여니남편","허허"
2023-03-25 20:20:52,"동현이마누라","헉"
2023-03-25 20:21:11,"경여니남편","메가박스는 머있나볼까"
2023-03-25 20:21:45,"동현이마누라","타고가는중"
2023-03-25 20:22:02,"동현이마누라","타코야끼더 사감"
2023-03-25 20:22:55,"동현이마누라","한정거장 남음"
2023-03-25 20:24:14,"동현이마누라","내림"
2023-03-25 20:24:47,"경여니남편","메가박스4층"
2023-03-25 20:24:50,"경여니남편","바로 오셔야할듯"
2023-03-26 17:21:08,"경여니남편","https://github.com/woowacourse-teams/2020-saebyeok"
2023-03-26 17:34:09,"경여니남편","https://datascienceschool.net/03%20machine%20learning/03.01.02%20KoNLPy%20한국어%20처리%20패키지.html"
2023-03-26 17:34:57,"경여니남편","https://konlpy.org/ko/latest/index.html"
2023-03-26 17:36:29,"동현이마누라","한국어 분석기 인스톨 -  
한국어 분석기를 통해서 인스톨을 함 
젤 많이 분석되는거 sort->"
2023-03-26 17:37:23,"동현이마누라","많이 반복되는 단어를 리턴하는 api"
2023-03-26 17:37:46,"동현이마누라","일기 던지면 통합적으로 다 내려주는 api"
2023-03-26 17:38:17,"동현이마누라","많이 반복되는 단어를 던지면 그거와 관련돤 정보를 es에서 내려주는 데이터"
2023-03-26 17:58:45,"경여니남편","https://knowable.tistory.com/5"
